anger,joy,optimism,sadness,not-hate,hate,non_irony,irony,not-offensive,offensive,negative,neutral,positive,hm_anger,hm_joy,hm_optimism,hm_sadness,hm_not-hate,hm_hate,hm_non_irony,hm_irony,hm_not-offensive,hm_offensive,hm_negative,hm_neutral,hm_positive,0,1,2,3,im_angry,im_disgust,im_fear,im_happy,im_sad,im_surprise,im_neutral
0.45931378,0.010644578,0.022654751,0.507387,0.9661579,0.033842146,0.6650165,0.33498347,0.4940688,0.5059312,0.9055294,0.083376296,0.011094344,0.0,0.0,0.0,0.0,0.0,0.0,0.0,0.0,0.0,0.0,0.0,0.0,0.0,0.0,0.0,0.0,0.0,0.02,0.0,0.04,0.0,0.66,0.0,0.28
0.08808531,0.023628308,0.32554042,0.562746,0.92576724,0.07423287,0.9008526,0.09914735,0.93589914,0.06410086,0.13761479,0.58817,0.27421522,0.0,0.0,0.0,0.0,0.0,0.0,0.0,0.0,0.0,0.0,0.0,0.0,0.0,0.0,0.0,0.0,0.0,0.0,0.0,0.0,0.0,0.0,0.0,0.0
0.007270563,0.0048963306,0.0053258915,0.98250705,0.9674604,0.03253967,0.9647747,0.035225168,0.77495664,0.2250434,0.9195443,0.07416434,0.0062913015,0.0,0.0,0.0,0.0,0.0,0.0,0.0,0.0,0.0,0.0,0.0,0.0,0.0,0.0,0.0,0.0,0.0,0.075,0.0,0.075,0.365,0.16,0.09999999999999999,0.22999999999999998
0.9570298,0.0039192075,0.02909522,0.00995577,0.9573744,0.042625625,0.5141406,0.48585936,0.8317648,0.16823512,0.44936284,0.52797717,0.022660077,0.0,0.0,0.0,0.0,0.0,0.0,0.0,0.0,0.0,0.0,0.0,0.0,0.0,0.0,0.0,0.0,0.0,0.0,0.0,0.0,0.0,0.0,0.0,0.0
0.9778449,0.009360009,0.005040049,0.0077552185,0.9832239,0.016776163,0.79901075,0.20098917,0.86901605,0.13098404,0.24349438,0.70077735,0.05572833,0.12554163,0.7447996,0.060680255,0.06897851,0.9563933,0.043606717,0.91907674,0.08092329,0.8261405,0.17385943,0.050541423,0.883033,0.06642567,0.0,0.0,0.0,0.0,0.03,0.0,0.68,0.0,0.04,0.23,0.01
0.0086801825,0.9666317,0.014895778,0.009792344,0.98331755,0.01668248,0.9240126,0.07598736,0.960673,0.039327033,0.000884862,0.019126723,0.9799884,0.012734754,0.95226014,0.020505413,0.014499748,0.97251797,0.027482053,0.8727205,0.12727961,0.9196394,0.08036053,0.00480705,0.26602352,0.7291695,0.19184324,0.2019193,0.42777434,0.1784631,0.0,0.0,0.0,0.0,0.0,0.0,0.0
0.020416662,0.7921713,0.14465095,0.04276113,0.96447515,0.035524778,0.64963037,0.35036957,0.9218667,0.07813331,0.002588445,0.09048254,0.9069291,0.0,0.0,0.0,0.0,0.0,0.0,0.0,0.0,0.0,0.0,0.0,0.0,0.0,0.0,0.0,0.0,0.0,0.0,0.0,0.0,0.0,0.0,0.0,0.0
0.010592482,0.9593003,0.0201378,0.009969476,0.9763662,0.023633828,0.9323947,0.0676054,0.9425191,0.05748078,0.0015971367,0.04417781,0.9542251,0.13163315,0.72976154,0.08634077,0.052264623,0.9678903,0.03210979,0.76890326,0.2310968,0.8424357,0.1575642,0.08119389,0.85415673,0.06464937,0.0,0.0,0.0,0.0,0.0,0.0,0.0,0.0,0.0,0.0,0.0
0.01117079,0.9503499,0.014445182,0.024034126,0.9786987,0.021301383,0.12012429,0.8798757,0.20991343,0.7900865,0.021868957,0.076560095,0.901571,0.0,0.0,0.0,0.0,0.0,0.0,0.0,0.0,0.0,0.0,0.0,0.0,0.0,0.0,0.0,0.0,0.0,0.0,0.0,0.0,0.0,0.0,0.0,0.0
0.006656752,0.014404737,0.005379029,0.9735595,0.97766054,0.022339497,0.22289057,0.7771095,0.44701463,0.5529854,0.525954,0.4396592,0.034386773,0.0,0.0,0.0,0.0,0.0,0.0,0.0,0.0,0.0,0.0,0.0,0.0,0.0,0.0,0.0,0.0,0.0,0.0,0.0,0.0,0.0,0.0,0.0,0.0
0.97820985,0.006595768,0.008982811,0.0062113856,0.9553199,0.04468006,0.35345516,0.6465449,0.2297802,0.77021974,0.97513914,0.020949202,0.00391154,0.0,0.0,0.0,0.0,0.0,0.0,0.0,0.0,0.0,0.0,0.0,0.0,0.0,0.0,0.0,0.0,0.0,0.0,0.0,0.0,0.0,0.0,0.0,0.0
0.9443678,0.0044286707,0.029405259,0.021798301,0.9818197,0.01818036,0.9473433,0.052656632,0.9018796,0.09812036,0.77976096,0.20300385,0.017235199,0.0,0.0,0.0,0.0,0.0,0.0,0.0,0.0,0.0,0.0,0.0,0.0,0.0,0.0,0.0,0.0,0.0,0.0,0.0,0.0,0.0,0.0,0.0,0.0
0.029196117,0.18411526,0.715567,0.071121715,0.97114736,0.028852649,0.9730631,0.026936904,0.9715461,0.028453855,0.0023879407,0.052604094,0.9450079,0.0,0.0,0.0,0.0,0.0,0.0,0.0,0.0,0.0,0.0,0.0,0.0,0.0,0.0,0.0,0.0,0.0,0.0,0.0,0.0,0.0,0.0,0.0,0.0
0.014110069,0.95027924,0.023688335,0.011922402,0.9638432,0.036156774,0.93912035,0.060879655,0.950983,0.049017083,0.0029971986,0.11967582,0.8773269,0.14189745,0.66668177,0.107060604,0.08436014,0.9686617,0.031338338,0.58467305,0.41532698,0.8168927,0.18310732,0.097085096,0.82248884,0.08042602,0.0,0.0,0.0,0.0,0.0,0.0,0.0,1.0,0.0,0.0,0.0
0.49776262,0.02188186,0.00980201,0.47055346,0.39647198,0.603528,0.7106739,0.28932598,0.10090365,0.89909637,0.9021535,0.088763066,0.009083459,0.0,0.0,0.0,0.0,0.0,0.0,0.0,0.0,0.0,0.0,0.0,0.0,0.0,0.0,0.0,0.0,0.0,0.0,0.0,0.0,0.0,0.0,0.0,0.0
0.60198796,0.16403604,0.09863934,0.13533658,0.98300767,0.016992355,0.25542676,0.7445732,0.88656306,0.113436915,0.15472797,0.4725536,0.3727183,0.056516208,0.8654159,0.031815473,0.046252593,0.97303075,0.026969286,0.456795,0.54320496,0.84297127,0.15702872,0.12031696,0.80175227,0.07793076,0.0,0.0,0.0,0.0,0.0,0.0,0.0,0.0,0.0,0.0,0.0
0.949375,0.006194107,0.016762331,0.027668418,0.96925324,0.030746859,0.53412545,0.4658746,0.72870773,0.2712922,0.8065002,0.17521033,0.018289544,0.0,0.0,0.0,0.0,0.0,0.0,0.0,0.0,0.0,0.0,0.0,0.0,0.0,0.0,0.0,0.0,0.0,0.0,0.0,0.0,0.0,0.0,0.0,0.0
0.9840651,0.005607277,0.0049979733,0.005329596,0.9266297,0.07337018,0.9510834,0.04891661,0.14080794,0.859192,0.9666781,0.028898673,0.004423386,0.19291183,0.50711095,0.06608915,0.2338881,0.9378723,0.06212769,0.7262427,0.2737573,0.799513,0.200487,0.1859509,0.6535067,0.16054246,0.20585795,0.19409713,0.42886,0.1711849,0.0,0.0,0.0,0.0,0.0,0.0,0.0
0.9748335,0.0047116997,0.014748628,0.0057062786,0.9085443,0.09145566,0.729205,0.270795,0.6186313,0.3813687,0.74189824,0.23933835,0.018763524,0.0,0.0,0.0,0.0,0.0,0.0,0.0,0.0,0.0,0.0,0.0,0.0,0.0,0.19058712,0.24057269,0.3782643,0.19057587,0.0,0.0,0.0,0.0,0.0,0.0,0.0
0.037071876,0.018070914,0.72462857,0.22022876,0.9813844,0.018615542,0.809762,0.19023788,0.93956316,0.06043677,0.14838152,0.48128474,0.37033376,0.0,0.0,0.0,0.0,0.0,0.0,0.0,0.0,0.0,0.0,0.0,0.0,0.0,0.0,0.0,0.0,0.0,0.0,0.0,0.0,0.0,0.0,0.0,0.0
0.93115807,0.012959288,0.0067912145,0.0490914,0.981237,0.01876296,0.6287096,0.37129042,0.84493244,0.15506758,0.92458975,0.07123187,0.004178415,0.0,0.0,0.0,0.0,0.0,0.0,0.0,0.0,0.0,0.0,0.0,0.0,0.0,0.22090365,0.19760129,0.40572116,0.17577389,0.0,0.0,0.0,0.0,0.0,0.0,0.0
0.006425679,0.007828218,0.0039101876,0.98183596,0.86653626,0.13346373,0.6653395,0.3346605,0.6738277,0.32617226,0.7015328,0.26546845,0.032998867,0.0,0.0,0.0,0.0,0.0,0.0,0.0,0.0,0.0,0.0,0.0,0.0,0.0,0.0,0.0,0.0,0.0,0.0,0.0,0.0,0.0,0.0,0.0,0.0
0.98303616,0.0070594396,0.0058287773,0.004075766,0.9418617,0.058138397,0.3194937,0.6805062,0.7950605,0.20493948,0.71944743,0.25506774,0.025484834,0.0,0.0,0.0,0.0,0.0,0.0,0.0,0.0,0.0,0.0,0.0,0.0,0.0,0.0,0.0,0.0,0.0,0.0,0.0,0.0,0.0,0.0,0.0,0.0
0.024275482,0.09524899,0.85150945,0.028966134,0.9752755,0.02472452,0.95045066,0.049549334,0.94233745,0.05766257,0.0029955485,0.07814889,0.9188555,0.0,0.0,0.0,0.0,0.0,0.0,0.0,0.0,0.0,0.0,0.0,0.0,0.0,0.0,0.0,0.0,0.0,0.0,0.0,0.0,0.0,0.0,0.0,0.0
0.556888,0.02919691,0.25760052,0.15631467,0.9557465,0.044253547,0.47754493,0.5224551,0.8303702,0.16962977,0.2607352,0.6472415,0.092023246,0.0,0.0,0.0,0.0,0.0,0.0,0.0,0.0,0.0,0.0,0.0,0.0,0.0,0.0,0.0,0.0,0.0,0.0,0.0,0.0,0.0,0.0,0.0,0.0
0.9696208,0.0042089527,0.015469119,0.010701217,0.9750727,0.024927327,0.9431239,0.056876134,0.6561827,0.34381738,0.87409866,0.113757804,0.012143524,0.0,0.0,0.0,0.0,0.0,0.0,0.0,0.0,0.0,0.0,0.0,0.0,0.0,0.0,0.0,0.0,0.0,0.0,0.0,0.0,0.0,0.0,0.0,0.0
0.018290486,0.89466774,0.07551854,0.011523218,0.9872564,0.012743537,0.8998033,0.100196816,0.9567389,0.04326112,0.0008880656,0.019983402,0.9791285,0.37564227,0.24817865,0.12608598,0.25009313,0.8895279,0.110472,0.5945211,0.40547898,0.7143213,0.28567868,0.20971374,0.6164937,0.17379257,0.0,0.0,0.0,0.0,0.09000000000000001,0.0,0.03166666666666667,0.4266666666666667,0.041666666666666664,0.024999999999999998,0.37833333333333335
0.014606463,0.007600245,0.0041064327,0.97368693,0.97362983,0.02637015,0.7492604,0.25073963,0.7745017,0.22549832,0.85104144,0.13908832,0.009870134,0.0,0.0,0.0,0.0,0.0,0.0,0.0,0.0,0.0,0.0,0.0,0.0,0.0,0.0,0.0,0.0,0.0,0.0,0.0,0.0,0.0,0.0,0.0,0.0
0.95406514,0.00439889,0.031804066,0.009731983,0.9131452,0.08685483,0.08918465,0.9108154,0.66646516,0.3335348,0.9116001,0.08469253,0.0037072813,0.0,0.0,0.0,0.0,0.0,0.0,0.0,0.0,0.0,0.0,0.0,0.0,0.0,0.0,0.0,0.0,0.0,0.0,0.0,0.0,0.0,0.0,0.0,0.0
0.34738615,0.24490678,0.3737033,0.03400384,0.7831116,0.21688841,0.8124194,0.18758051,0.42442098,0.5755791,0.33979106,0.5114503,0.14875865,0.0,0.0,0.0,0.0,0.0,0.0,0.0,0.0,0.0,0.0,0.0,0.0,0.0,0.0,0.0,0.0,0.0,0.0,0.0,0.0,0.0,0.0,0.0,0.0
0.0114730075,0.006221998,0.014988931,0.967316,0.96557045,0.034429528,0.91176105,0.08823892,0.9414085,0.058591463,0.05939691,0.30711788,0.6334852,0.0,0.0,0.0,0.0,0.0,0.0,0.0,0.0,0.0,0.0,0.0,0.0,0.0,0.1985444,0.2093566,0.36694056,0.22515851,0.20333333333333334,0.0,0.03,0.7066666666666667,0.01,0.013333333333333334,0.03333333333333333
0.0059592742,0.006645588,0.002886021,0.9845091,0.97424495,0.025755152,0.8172038,0.18279614,0.72404486,0.27595514,0.9612807,0.03369545,0.005023901,0.0,0.0,0.0,0.0,0.0,0.0,0.0,0.0,0.0,0.0,0.0,0.0,0.0,0.0,0.0,0.0,0.0,0.0,0.0,0.0,0.0,0.0,0.0,0.0
0.0114730075,0.006221998,0.014988931,0.967316,0.96557045,0.034429528,0.91176105,0.08823892,0.9414085,0.058591463,0.05939691,0.30711788,0.6334852,0.0,0.0,0.0,0.0,0.0,0.0,0.0,0.0,0.0,0.0,0.0,0.0,0.0,0.1985444,0.20935659,0.36694056,0.22515851,0.20333333333333334,0.0,0.03,0.7066666666666667,0.01,0.013333333333333334,0.03333333333333333
0.98103195,0.00763788,0.0063162083,0.0050140526,0.9295322,0.07046784,0.96456164,0.035438422,0.76602155,0.23397847,0.4266269,0.51971436,0.05365872,0.0,0.0,0.0,0.0,0.0,0.0,0.0,0.0,0.0,0.0,0.0,0.0,0.0,0.0,0.0,0.0,0.0,0.0,0.0,0.0,0.0,0.0,0.0,0.0
0.93439406,0.027870284,0.0062719877,0.031463828,0.95500666,0.044993263,0.7158218,0.2841783,0.6966343,0.3033657,0.7077341,0.27409866,0.018167196,0.0,0.0,0.0,0.0,0.0,0.0,0.0,0.0,0.0,0.0,0.0,0.0,0.0,0.20244904,0.23550108,0.37469548,0.18735442,0.0,0.0,0.0,0.0,0.0,0.0,0.0
0.96727675,0.008825347,0.0048766974,0.019021174,0.86817956,0.13182043,0.5625861,0.43741387,0.17426465,0.82573533,0.96277755,0.031325057,0.00589735,0.0,0.0,0.0,0.0,0.0,0.0,0.0,0.0,0.0,0.0,0.0,0.0,0.0,0.0,0.0,0.0,0.0,0.0,0.0,0.0,0.0,0.0,0.0,0.0
0.008889367,0.021968367,0.005275608,0.96386665,0.9877395,0.012260362,0.8709213,0.12907864,0.8725076,0.1274924,0.5548662,0.37223879,0.07289513,0.08428022,0.8303887,0.03357246,0.05175856,0.9703862,0.029613892,0.89806867,0.10193131,0.7601319,0.23986813,0.055209275,0.86370444,0.08108623,0.20261315,0.21075684,0.3848388,0.20179132,0.0,0.0,0.0,0.0,0.0,0.0,0.0
0.008813895,0.9476186,0.029631337,0.013936202,0.9863132,0.013686888,0.9599469,0.040053077,0.968722,0.031277996,0.0009393874,0.021503588,0.97755706,0.016902953,0.8647693,0.06596613,0.05236156,0.9750119,0.02498814,0.7732433,0.22675672,0.8993685,0.10063145,0.033232864,0.8274908,0.1392763,0.0,0.0,0.0,0.0,0.0,0.0,0.0,0.0,0.0,0.0,0.0
0.9731631,0.0050854823,0.0109875705,0.010763749,0.9410193,0.058980633,0.45449314,0.54550695,0.876836,0.12316391,0.42090902,0.5456898,0.033401255,0.19217885,0.439233,0.112944834,0.25564328,0.9046299,0.095370084,0.7830076,0.2169923,0.71055347,0.2894465,0.21108653,0.6278705,0.16104299,0.0,0.0,0.0,0.0,0.0,0.0,0.0,0.0,0.0,0.0,0.0
0.009841683,0.9625439,0.018900532,0.008713878,0.97901654,0.020983469,0.9510466,0.04895347,0.9578541,0.04214594,0.0012484797,0.012992348,0.98575914,0.12559627,0.74661386,0.04531608,0.08247369,0.95524806,0.044751946,0.9176737,0.08232637,0.802801,0.19719906,0.11197824,0.7866986,0.10132327,0.15319574,0.14808764,0.5799075,0.11880911,0.16166666666666665,0.0,0.065,0.44166666666666665,0.125,0.023333333333333334,0.17833333333333334
0.9827694,0.0054235235,0.005572227,0.0062346556,0.8186744,0.18132553,0.7154761,0.2845239,0.2825606,0.7174394,0.8872991,0.104475625,0.008225203,0.0,0.0,0.0,0.0,0.0,0.0,0.0,0.0,0.0,0.0,0.0,0.0,0.0,0.1931324,0.21324077,0.42711124,0.16651559,0.0,0.0,0.0,0.0,0.0,0.0,0.0
0.96922976,0.0126414485,0.009674305,0.0084545035,0.9570538,0.0429462,0.612199,0.38780105,0.88042766,0.11957241,0.34761077,0.60999787,0.042391278,0.28723574,0.33947596,0.12096966,0.2523187,0.9156014,0.084398665,0.73942935,0.2605707,0.7580656,0.24193448,0.20382771,0.6355478,0.16062449,0.0,0.0,0.0,0.0,0.0,0.0,0.0,0.0,0.0,0.0,0.0
0.9728147,0.0050890218,0.014923128,0.007173,0.9029266,0.09707346,0.27996382,0.72003615,0.8525813,0.1474187,0.47448373,0.4301719,0.0953443,0.0,0.0,0.0,0.0,0.0,0.0,0.0,0.0,0.0,0.0,0.0,0.0,0.0,0.0,0.0,0.0,0.0,0.0,0.0,0.0,0.0,0.0,0.0,0.0
0.95537835,0.0032832057,0.021555355,0.019783102,0.93099165,0.06900842,0.26877132,0.73122865,0.71108025,0.2889198,0.87222445,0.120605454,0.0071702776,0.95072204,0.007895136,0.020297447,0.021085342,0.9353681,0.06463197,0.33762532,0.66237473,0.7013663,0.2986336,0.63908565,0.3427044,0.018209988,0.0,0.0,0.0,0.0,0.0,0.0,0.0,0.0,0.0,0.0,0.0
0.9772152,0.008881554,0.007904689,0.0059987293,0.5444276,0.45557243,0.31619367,0.6838063,0.6312653,0.36873466,0.77563924,0.19885586,0.025504885,0.0,0.0,0.0,0.0,0.0,0.0,0.0,0.0,0.0,0.0,0.0,0.0,0.0,0.0,0.0,0.0,0.0,0.0,0.0,0.0,0.0,0.0,0.0,0.0
0.7217493,0.038975295,0.0076656644,0.23160967,0.9754418,0.024558207,0.8941725,0.10582751,0.83820355,0.16179647,0.8060339,0.17642668,0.017539335,0.056557156,0.13770482,0.019913213,0.78582484,0.9473189,0.052681006,0.6943712,0.30562878,0.81087476,0.18912525,0.17741998,0.7706655,0.051914565,0.18818001,0.2530063,0.36637524,0.19243842,0.0,0.0,0.0,0.0,0.0,0.0,0.0
0.94664013,0.012865743,0.027945112,0.012549114,0.711641,0.28835902,0.75095737,0.24904267,0.77885485,0.22114511,0.16057613,0.65156436,0.18785952,0.18363188,0.6907471,0.058043454,0.06757752,0.9778405,0.022159472,0.9412722,0.05872786,0.8360845,0.16391547,0.08402766,0.8270341,0.08893819,0.0,0.0,0.0,0.0,0.0,0.0,0.0,0.0,0.0,0.0,0.0
0.042880442,0.11180142,0.33329168,0.5120264,0.92305064,0.07694944,0.1878544,0.81214565,0.90139765,0.098602325,0.033500474,0.17148702,0.79501253,0.0,0.0,0.0,0.0,0.0,0.0,0.0,0.0,0.0,0.0,0.0,0.0,0.0,0.0,0.0,0.0,0.0,0.0,0.0,0.0,0.0,0.0,0.0,0.0
0.9522417,0.007862709,0.011330284,0.028565282,0.84184206,0.15815791,0.056613684,0.9433863,0.61252415,0.38747585,0.9152326,0.07832751,0.0064400043,0.0,0.0,0.0,0.0,0.0,0.0,0.0,0.0,0.0,0.0,0.0,0.0,0.0,0.0,0.0,0.0,0.0,0.32,0.01,0.07,0.21,0.32,0.03,0.04
0.96838206,0.0062041627,0.009684977,0.01572872,0.8493033,0.15069662,0.2583674,0.74163264,0.62932056,0.37067947,0.8703231,0.12613349,0.0035432542,0.0,0.0,0.0,0.0,0.0,0.0,0.0,0.0,0.0,0.0,0.0,0.0,0.0,0.0,0.0,0.0,0.0,0.0,0.0,0.0,0.0,0.0,0.0,0.0
0.06912853,0.006225396,0.046096258,0.87854975,0.95710087,0.042899188,0.435361,0.56463903,0.81709313,0.18290691,0.90179545,0.09238053,0.005824024,0.0,0.0,0.0,0.0,0.0,0.0,0.0,0.0,0.0,0.0,0.0,0.0,0.0,0.0,0.0,0.0,0.0,0.0,0.0,0.0,0.0,0.0,0.0,0.0
0.9614467,0.008807329,0.004915335,0.0248307,0.91067994,0.089320056,0.62564534,0.37435457,0.11694256,0.8830575,0.9460553,0.048927765,0.005016872,0.0,0.0,0.0,0.0,0.0,0.0,0.0,0.0,0.0,0.0,0.0,0.0,0.0,0.0,0.0,0.0,0.0,0.0,0.0,0.0,0.0,0.0,0.0,0.0
0.008471577,0.9232218,0.02160416,0.046702396,0.96584845,0.034151547,0.9489157,0.051084183,0.9562805,0.043719377,0.002176312,0.034117058,0.96370673,0.0837846,0.7866878,0.050711058,0.07881653,0.9247626,0.07523739,0.87999666,0.12000328,0.7644129,0.23558708,0.14524403,0.73863846,0.11611744,0.0,0.0,0.0,0.0,0.0,0.0,0.0,0.0,0.0,0.0,0.0
0.011555815,0.03577491,0.019894795,0.93277454,0.98152184,0.018478189,0.7738965,0.22610359,0.751761,0.24823895,0.6292637,0.34857115,0.022165159,0.0,0.0,0.0,0.0,0.0,0.0,0.0,0.0,0.0,0.0,0.0,0.0,0.0,0.0,0.0,0.0,0.0,0.02,0.0,0.07,0.0,0.11,0.01,0.79
0.08355701,0.029587286,0.026210465,0.8606451,0.9656529,0.0343471,0.5937289,0.4062711,0.707824,0.292176,0.87828547,0.11088664,0.010828025,0.08654276,0.7483773,0.07985207,0.085227944,0.92989224,0.07010781,0.68481207,0.31518793,0.7897711,0.21022896,0.105655804,0.728384,0.16596015,0.0,0.0,0.0,0.0,0.0,0.0,0.0,0.0,0.0,0.0,0.0
0.7177333,0.16159216,0.09966233,0.021012165,0.941182,0.05881806,0.5716537,0.42834628,0.85659045,0.14340942,0.115334734,0.370634,0.5140312,0.0,0.0,0.0,0.0,0.0,0.0,0.0,0.0,0.0,0.0,0.0,0.0,0.0,0.0,0.0,0.0,0.0,0.0,0.0,0.0,0.0,0.0,0.0,0.0
0.94056344,0.005531891,0.011830034,0.042074636,0.9896135,0.010386362,0.69483465,0.30516538,0.7653376,0.2346624,0.88799477,0.097245336,0.014760012,0.0,0.0,0.0,0.0,0.0,0.0,0.0,0.0,0.0,0.0,0.0,0.0,0.0,0.21648662,0.20556924,0.39198142,0.18596266,0.0,0.0,0.0,0.0,0.0,0.0,0.0
0.010717992,0.02282273,0.03256778,0.9338916,0.9720363,0.027963728,0.07193281,0.9280672,0.68322337,0.31677666,0.0823836,0.20539302,0.71222335,0.0,0.0,0.0,0.0,0.0,0.0,0.0,0.0,0.0,0.0,0.0,0.0,0.0,0.0,0.0,0.0,0.0,0.0,0.0,0.0,0.0,0.0,0.0,0.0
0.9779284,0.004954652,0.0073098093,0.009806989,0.744522,0.255478,0.91532,0.084680036,0.8283582,0.17164175,0.5161768,0.44200662,0.04181652,0.14761184,0.72988003,0.06276733,0.059740808,0.9683495,0.03165051,0.8955182,0.10448178,0.8341277,0.1658723,0.09313172,0.8389034,0.06796477,0.0,0.0,0.0,0.0,0.0,0.0,0.0,0.0,0.0,0.0,0.0
0.9570298,0.0039192075,0.02909522,0.00995577,0.9573744,0.042625625,0.5141406,0.48585936,0.8317648,0.16823512,0.44936284,0.52797717,0.022660077,0.0,0.0,0.0,0.0,0.0,0.0,0.0,0.0,0.0,0.0,0.0,0.0,0.0,0.0,0.0,0.0,0.0,0.0,0.0,0.0,0.0,0.0,0.0,0.0
0.0097517725,0.9618339,0.018124936,0.010289385,0.98379207,0.016207935,0.9167962,0.08320385,0.9617646,0.038235463,0.00087784114,0.019462282,0.9796599,0.022961887,0.928562,0.024827192,0.023649076,0.9784315,0.021568438,0.91500044,0.08499955,0.8859172,0.114082806,0.029095823,0.87586856,0.09503555,0.18011315,0.19439518,0.4653823,0.16010937,0.01,0.0,0.02,0.13,0.05,0.0,0.78
0.9778449,0.009360009,0.005040049,0.0077552185,0.9832239,0.016776163,0.79901075,0.20098917,0.86901593,0.13098404,0.24349438,0.70077735,0.05572833,0.12554163,0.7447996,0.060680255,0.06897851,0.9563933,0.043606717,0.91907674,0.08092329,0.8261406,0.17385948,0.050541412,0.883033,0.06642566,0.0,0.0,0.0,0.0,0.03,0.0,0.68,0.0,0.04,0.23,0.01
0.8495978,0.014059275,0.037641905,0.098701045,0.94074476,0.05925527,0.22334388,0.7766561,0.83297116,0.1670288,0.5394029,0.41651702,0.044079967,0.0,0.0,0.0,0.0,0.0,0.0,0.0,0.0,0.0,0.0,0.0,0.0,0.0,0.0,0.0,0.0,0.0,0.0,0.0,0.0,0.0,0.0,0.0,0.0
0.005732312,0.0119235115,0.0052427263,0.9771015,0.98789495,0.012104945,0.9253111,0.07468885,0.9262179,0.07378215,0.27845198,0.65104777,0.07050024,0.0,0.0,0.0,0.0,0.0,0.0,0.0,0.0,0.0,0.0,0.0,0.0,0.0,0.19844711,0.20567475,0.40462524,0.19125295,0.0,0.0,0.0,0.0,0.0,0.0,0.0
0.45931378,0.010644578,0.022654751,0.507387,0.9661579,0.033842146,0.6650165,0.33498347,0.4940688,0.5059312,0.9055294,0.083376296,0.011094344,0.0,0.0,0.0,0.0,0.0,0.0,0.0,0.0,0.0,0.0,0.0,0.0,0.0,0.0,0.0,0.0,0.0,0.02,0.0,0.04,0.0,0.66,0.0,0.28
0.9614467,0.008807329,0.00491534,0.024830744,0.91067994,0.089320034,0.6256453,0.37435472,0.11694256,0.8830575,0.9460553,0.0489278,0.0050168745,0.0,0.0,0.0,0.0,0.0,0.0,0.0,0.0,0.0,0.0,0.0,0.0,0.0,0.0,0.0,0.0,0.0,0.0,0.0,0.0,0.0,0.0,0.0,0.0
0.9797232,0.004542683,0.008584711,0.0071494724,0.9467287,0.053271312,0.8324491,0.16755101,0.20654984,0.7934502,0.85727894,0.13124116,0.011479924,0.0,0.0,0.0,0.0,0.0,0.0,0.0,0.0,0.0,0.0,0.0,0.0,0.0,0.0,0.0,0.0,0.0,0.0,0.0,0.0,0.0,0.0,0.0,0.0
0.020175165,0.9457732,0.017113457,0.016938219,0.97165185,0.02834806,0.78529465,0.21470538,0.91926444,0.08073559,0.0024424577,0.065199904,0.93235767,0.20518495,0.67057556,0.05095399,0.07328546,0.96796715,0.03203279,0.8876709,0.11232914,0.7800898,0.2199103,0.16038294,0.7909977,0.04861934,0.0,0.0,0.0,0.0,0.0,0.0,0.0,0.0,0.0,0.0,0.0
0.97664803,0.011556906,0.005933667,0.005861549,0.95432746,0.045672502,0.10469641,0.8953036,0.7758332,0.22416674,0.7416007,0.23777369,0.020625796,0.0,0.0,0.0,0.0,0.0,0.0,0.0,0.0,0.0,0.0,0.0,0.0,0.0,0.20244904,0.23550108,0.37469548,0.18735442,0.0,0.0,0.0,0.0,0.0,0.0,0.0
0.009895195,0.016947938,0.0047848374,0.96837217,0.98210305,0.017896956,0.548399,0.45160106,0.82544357,0.17455642,0.6633816,0.29778966,0.038828716,0.011501995,0.018484648,0.0054999026,0.96451354,0.9622985,0.03770158,0.44401616,0.5559838,0.827701,0.172299,0.44970995,0.48967046,0.060619567,0.0,0.0,0.0,0.0,0.0,0.0,0.0,0.0,0.0,0.0,0.0
0.80787635,0.10299841,0.02582256,0.06330277,0.9391986,0.060801383,0.18295372,0.8170463,0.8039639,0.19603617,0.15873544,0.6702179,0.17104675,0.20406634,0.61754537,0.065165885,0.11322246,0.9630617,0.036938302,0.7872279,0.21277213,0.73765516,0.26234478,0.10159712,0.83571774,0.06268514,0.0,0.0,0.0,0.0,0.0,0.0,0.0,0.0,0.0,0.0,0.0
0.9728149,0.005089019,0.014923114,0.007172996,0.9029266,0.09707338,0.27996385,0.7200362,0.8525812,0.14741875,0.4744839,0.43017185,0.095344275,0.0,0.0,0.0,0.0,0.0,0.0,0.0,0.0,0.0,0.0,0.0,0.0,0.0,0.0,0.0,0.0,0.0,0.0,0.0,0.0,0.0,0.0,0.0,0.0
0.010000171,0.96367365,0.015374764,0.010951348,0.9840963,0.015903663,0.9541523,0.045847792,0.9670613,0.03293864,0.0011699705,0.008969782,0.9898603,0.23766693,0.3323478,0.05893016,0.37105507,0.9072088,0.09279122,0.65993667,0.34006333,0.71479315,0.28520688,0.2571031,0.5543198,0.18857709,0.0,0.0,0.0,0.0,0.1,0.0,0.24,0.04,0.29,0.01,0.32
0.016536366,0.023266977,0.0035956283,0.9566009,0.9493974,0.050602533,0.9213685,0.07863143,0.5223339,0.47766605,0.9645745,0.030298188,0.0051273042,0.0,0.0,0.0,0.0,0.0,0.0,0.0,0.0,0.0,0.0,0.0,0.0,0.0,0.18818001,0.2530063,0.36637524,0.19243842,0.0,0.0,0.0,0.0,0.0,0.0,0.0
0.9813328,0.005619177,0.006370508,0.006677572,0.95854455,0.0414554,0.8914796,0.1085203,0.32347074,0.6765292,0.4298856,0.498389,0.07172538,0.0,0.0,0.0,0.0,0.0,0.0,0.0,0.0,0.0,0.0,0.0,0.0,0.0,0.21677056,0.19544308,0.40862006,0.17916626,0.0,0.0,0.0,0.0,0.0,0.0,0.0
0.9590231,0.0060275025,0.016360732,0.018588576,0.8578165,0.14218353,0.531733,0.46826702,0.542618,0.457382,0.9285011,0.06569775,0.0058011385,0.07800603,0.07252834,0.31564185,0.5338237,0.963984,0.036016036,0.71201444,0.28798562,0.86767864,0.13232127,0.4534418,0.5045818,0.041976415,0.0,0.0,0.0,0.0,0.0,0.0,0.0,0.0,0.0,0.0,0.0
0.11449467,0.70951647,0.13134815,0.04464067,0.98081255,0.019187491,0.9249185,0.0750814,0.93346953,0.06653043,0.03539912,0.8005951,0.1640058,0.16597828,0.65840054,0.099532194,0.07608905,0.96867025,0.031329695,0.8350554,0.16494462,0.8518867,0.14811337,0.06066462,0.80787003,0.13146532,0.16451392,0.16402976,0.525581,0.14587535,0.37,0.0,0.03,0.19,0.21,0.03,0.17
0.96989965,0.0055430895,0.014550968,0.010006286,0.9228739,0.07712614,0.8535742,0.14642581,0.68366873,0.3163312,0.96535397,0.031553037,0.0030929681,0.0,0.0,0.0,0.0,0.0,0.0,0.0,0.0,0.0,0.0,0.0,0.0,0.0,0.0,0.0,0.0,0.0,0.0,0.0,0.0,0.0,0.0,0.0,0.0
0.90787035,0.0592264,0.009319931,0.023583435,0.9864115,0.0135885505,0.94913125,0.050868697,0.90591174,0.09408837,0.1158272,0.84296805,0.041204687,0.0,0.0,0.0,0.0,0.0,0.0,0.0,0.0,0.0,0.0,0.0,0.0,0.0,0.0,0.0,0.0,0.0,0.0,0.0,0.0,0.0,0.0,0.0,0.0
0.009468301,0.94324726,0.036773518,0.010510998,0.98999745,0.010002517,0.94778746,0.052212562,0.96592146,0.03407853,0.0007691569,0.016421312,0.98280954,0.20099044,0.38937607,0.09266909,0.31696448,0.9201788,0.07982123,0.6845239,0.31547615,0.7514336,0.2485664,0.19540678,0.6151113,0.18948191,0.0,0.0,0.0,0.0,0.0,0.0,0.0,0.0,0.0,0.0,0.0
0.9817433,0.00679866,0.0054509696,0.0060071335,0.93895996,0.061040107,0.83508873,0.16491123,0.6768447,0.3231552,0.6406085,0.3343005,0.025090983,0.0,0.0,0.0,0.0,0.0,0.0,0.0,0.0,0.0,0.0,0.0,0.0,0.0,0.0,0.0,0.0,0.0,0.0,0.0,0.0,0.0,0.0,0.0,0.0
0.009350521,0.95293784,0.022723706,0.014988059,0.96164936,0.038350698,0.9503615,0.049638674,0.9399933,0.060006663,0.0011971319,0.022428595,0.9763742,0.0,0.0,0.0,0.0,0.0,0.0,0.0,0.0,0.0,0.0,0.0,0.0,0.0,0.19322734,0.19813968,0.42954406,0.17908892,0.0,0.0,0.0,0.0,0.0,0.0,0.0
0.978235,0.0035933761,0.010596003,0.0075755147,0.9577882,0.042211827,0.8306915,0.1693085,0.7823515,0.21764857,0.76976883,0.20251173,0.027719438,0.0,0.0,0.0,0.0,0.0,0.0,0.0,0.0,0.0,0.0,0.0,0.0,0.0,0.0,0.0,0.0,0.0,0.0,0.0,0.0,0.0,0.0,0.0,0.0
0.9824485,0.0053691734,0.007008692,0.0051734154,0.9353169,0.06468307,0.7701732,0.22982682,0.91806453,0.08193548,0.4173477,0.54069173,0.041960586,0.0,0.0,0.0,0.0,0.0,0.0,0.0,0.0,0.0,0.0,0.0,0.0,0.0,0.0,0.0,0.0,0.0,0.0,0.0,0.0,0.0,0.0,0.0,0.0
0.011966246,0.9609333,0.020023692,0.0070767966,0.98149484,0.018505149,0.71930265,0.2806973,0.9705624,0.02943754,0.0010989167,0.006920389,0.99198043,0.2101707,0.41410166,0.26556015,0.110167556,0.8240314,0.17596862,0.46242276,0.5375772,0.70961577,0.29038423,0.12685472,0.54218227,0.33096302,0.18946902,0.19902427,0.44441834,0.16708839,0.0,0.0,0.0,0.0,0.0,0.0,0.0
0.9660949,0.0052355165,0.015262633,0.013406847,0.89156264,0.10843733,0.16203067,0.83796924,0.87543344,0.12456662,0.74475735,0.24435422,0.010888364,0.0,0.0,0.0,0.0,0.0,0.0,0.0,0.0,0.0,0.0,0.0,0.0,0.0,0.0,0.0,0.0,0.0,0.0,0.0,0.0,0.0,0.0,0.0,0.0
0.014542325,0.928454,0.025276335,0.03172745,0.94754535,0.052454572,0.967236,0.032764103,0.9139253,0.08607477,0.006397549,0.04959721,0.9440052,0.15609656,0.7345901,0.041586813,0.06772651,0.9557398,0.044260256,0.87695605,0.123043984,0.85235643,0.14764348,0.07910817,0.8244625,0.09642935,0.0,0.0,0.0,0.0,0.0,0.0,0.0,0.0,0.0,0.0,0.0
0.014626843,0.92938656,0.044425067,0.0115616685,0.98689824,0.013101636,0.7502662,0.24973376,0.97236055,0.02763947,0.0010964228,0.008793834,0.99010956,0.7698824,0.013217686,0.06851269,0.14838707,0.8467536,0.15324649,0.30342123,0.69657874,0.8707259,0.12927411,0.07332407,0.8459106,0.08076535,0.0,0.0,0.0,0.0,0.0,0.0,0.0,0.0,0.0,0.0,0.0
0.9683091,0.0044184215,0.019082166,0.008190182,0.95466214,0.045337975,0.91680306,0.083196945,0.6777141,0.3222859,0.8806905,0.10961256,0.009696816,0.0,0.0,0.0,0.0,0.0,0.0,0.0,0.0,0.0,0.0,0.0,0.0,0.0,0.0,0.0,0.0,0.0,0.0,0.0,0.0,0.0,0.0,0.0,0.0
0.01530083,0.8603661,0.09649043,0.027842503,0.93517524,0.0648248,0.6367519,0.3632481,0.92143965,0.07856028,0.0050027207,0.18012896,0.8148683,0.2396668,0.36471915,0.11958632,0.27602786,0.8716929,0.12830712,0.6283565,0.37164348,0.6898348,0.31016523,0.23117527,0.5653658,0.20345902,0.0,0.0,0.0,0.0,0.0,0.0,0.0,0.0,0.0,0.0,0.0
0.004669724,0.0059173666,0.0041918056,0.985221,0.9771898,0.022810137,0.88877475,0.11122521,0.7229813,0.2770188,0.940022,0.052855983,0.007121935,0.0,0.0,0.0,0.0,0.0,0.0,0.0,0.0,0.0,0.0,0.0,0.0,0.0,0.0,0.0,0.0,0.0,0.0,0.0,0.0,0.0,0.0,0.0,0.0
0.104339465,0.7524928,0.04112167,0.102046035,0.98349327,0.01650665,0.9403443,0.059655808,0.9128617,0.087138325,0.37918937,0.29068115,0.3301295,0.0,0.0,0.0,0.0,0.0,0.0,0.0,0.0,0.0,0.0,0.0,0.0,0.0,0.0,0.0,0.0,0.0,0.115,0.0,0.015,0.5599999999999999,0.125,0.005,0.185
0.00750557,0.9660088,0.015231668,0.011253991,0.98400843,0.01599157,0.95645326,0.04354671,0.9690751,0.03092495,0.0011197134,0.005659032,0.99322146,0.0,0.0,0.0,0.0,0.0,0.0,0.0,0.0,0.0,0.0,0.0,0.0,0.0,0.20269875,0.20176654,0.41377664,0.18175808,0.0,0.0,0.0,0.0,0.0,0.0,0.0
0.009269601,0.95879656,0.018639555,0.013294334,0.98265713,0.017342882,0.92294335,0.0770567,0.96862984,0.03137017,0.0009874842,0.020468706,0.9785439,0.0,0.0,0.0,0.0,0.0,0.0,0.0,0.0,0.0,0.0,0.0,0.0,0.0,0.19271699,0.19748093,0.43769807,0.172104,0.14166666666666666,0.0,0.065,0.27999999999999997,0.08833333333333333,0.02666666666666667,0.40166666666666667
0.07547817,0.010896332,0.005092641,0.90853274,0.9682559,0.031744152,0.8458133,0.15418665,0.37798387,0.6220162,0.96015084,0.033438288,0.006411001,0.0,0.0,0.0,0.0,0.0,0.0,0.0,0.0,0.0,0.0,0.0,0.0,0.0,0.0,0.0,0.0,0.0,0.0,0.0,0.0,0.0,0.0,0.0,0.0
0.06251472,0.49445283,0.11677907,0.32625335,0.97029555,0.02970439,0.9383458,0.061654203,0.8933299,0.106670044,0.27389643,0.5058109,0.22029264,0.16694091,0.6255402,0.08673693,0.12078193,0.9664627,0.033537325,0.85006756,0.1499324,0.80783933,0.19216059,0.037374415,0.778465,0.18416062,0.0,0.0,0.0,0.0,0.0,0.0,0.0,0.0,0.0,0.0,0.0
0.009897154,0.927856,0.049240455,0.01300635,0.98160857,0.018391436,0.7891772,0.21082278,0.9593115,0.040688533,0.0012374345,0.012664128,0.9860983,0.0,0.0,0.0,0.0,0.0,0.0,0.0,0.0,0.0,0.0,0.0,0.0,0.0,0.18018976,0.19888957,0.4541978,0.16672297,0.0,0.0,0.0,0.0,0.0,0.0,0.0
0.11298704,0.007795832,0.008971143,0.87024593,0.9461286,0.053871457,0.88827425,0.11172575,0.7799569,0.22004306,0.58023244,0.38582435,0.033943307,0.0,0.0,0.0,0.0,0.0,0.0,0.0,0.0,0.0,0.0,0.0,0.0,0.0,0.0,0.0,0.0,0.0,0.0,0.0,0.0,0.0,0.0,0.0,0.0
0.008384959,0.9501571,0.028333168,0.013124609,0.97600013,0.023999838,0.89686,0.103140004,0.9739629,0.026037086,0.00078839326,0.019625958,0.97958565,0.0,0.0,0.0,0.0,0.0,0.0,0.0,0.0,0.0,0.0,0.0,0.0,0.0,0.19322734,0.19813968,0.42954406,0.17908892,0.07,0.0,0.04,0.26,0.11,0.15,0.36
0.118567266,0.6055553,0.051371887,0.22450554,0.9792577,0.020742321,0.67416966,0.3258303,0.4758844,0.52411556,0.4946811,0.38168257,0.12363629,0.0,0.0,0.0,0.0,0.0,0.0,0.0,0.0,0.0,0.0,0.0,0.0,0.0,0.0,0.0,0.0,0.0,0.0,0.0,0.0,0.0,0.0,0.0,0.0
0.9668221,0.0056252787,0.017429724,0.010122803,0.9521757,0.047824353,0.8573098,0.14269026,0.6079559,0.3920441,0.89868885,0.09161128,0.0096999975,0.0,0.0,0.0,0.0,0.0,0.0,0.0,0.0,0.0,0.0,0.0,0.0,0.0,0.21377948,0.21968687,0.3726585,0.19387512,0.0,0.0,0.0,0.0,0.0,0.0,0.0
0.17783317,0.0446464,0.0077229175,0.76979756,0.97959864,0.02040135,0.9405566,0.059443407,0.8436141,0.15638585,0.6584946,0.22953221,0.11197322,0.33832806,0.13315783,0.39019388,0.13832021,0.97147006,0.028529923,0.8388929,0.16110721,0.8760205,0.123979524,0.07941517,0.8208512,0.099733606,0.16352509,0.225443,0.44376194,0.16726989,0.0,0.0,0.0,0.0,0.0,0.0,0.0
0.0114730075,0.006221998,0.014988931,0.967316,0.96557045,0.034429528,0.91176105,0.08823892,0.9414085,0.058591463,0.05939691,0.30711788,0.6334852,0.0,0.0,0.0,0.0,0.0,0.0,0.0,0.0,0.0,0.0,0.0,0.0,0.0,0.1985444,0.20935659,0.36694056,0.22515851,0.20333333333333334,0.0,0.03,0.7066666666666667,0.01,0.013333333333333334,0.03333333333333333
0.012974326,0.63595366,0.021090321,0.3299816,0.98254335,0.017456716,0.94367754,0.05632255,0.9393105,0.060689576,0.004960212,0.038069874,0.95697004,0.04595172,0.8592958,0.03443525,0.060317162,0.92557245,0.074427575,0.8385605,0.16143946,0.7260093,0.27399066,0.09726451,0.74017376,0.16256161,0.0,0.0,0.0,0.0,0.0,0.0,0.0,0.0,0.0,0.0,0.0
0.0072630364,0.008392135,0.023399187,0.9609457,0.95609486,0.043905184,0.9654412,0.03455881,0.72515535,0.27484468,0.5746216,0.34426546,0.08111288,0.0,0.0,0.0,0.0,0.0,0.0,0.0,0.0,0.0,0.0,0.0,0.0,0.0,0.0,0.0,0.0,0.0,0.0,0.0,0.0,0.0,0.0,0.0,0.0
0.59559566,0.30901626,0.07709214,0.018295929,0.96299875,0.03700129,0.57263786,0.42736205,0.86388946,0.13611053,0.43144104,0.41538513,0.15317382,0.0,0.0,0.0,0.0,0.0,0.0,0.0,0.0,0.0,0.0,0.0,0.0,0.0,0.0,0.0,0.0,0.0,0.0,0.0,0.0,0.0,0.0,0.0,0.0
0.970347,0.004375383,0.015692469,0.009584996,0.94578165,0.05421843,0.7806276,0.21937239,0.6388538,0.36114627,0.93328905,0.061754387,0.0049566226,0.0,0.0,0.0,0.0,0.0,0.0,0.0,0.0,0.0,0.0,0.0,0.0,0.0,0.21377948,0.21968687,0.3726585,0.19387512,0.0,0.0,0.0,0.0,0.0,0.0,0.0
0.93722314,0.039215256,0.0136557855,0.009905723,0.6143464,0.38565361,0.043555815,0.95644414,0.50538874,0.49461123,0.8054585,0.18478286,0.009758666,0.0,0.0,0.0,0.0,0.0,0.0,0.0,0.0,0.0,0.0,0.0,0.0,0.0,0.0,0.0,0.0,0.0,0.0,0.0,0.0,0.0,0.0,0.0,0.0
0.007975083,0.96831024,0.012793275,0.010921405,0.9708349,0.029165061,0.95292735,0.047072705,0.9744488,0.025551131,0.0010604064,0.007141346,0.99179834,0.0,0.0,0.0,0.0,0.0,0.0,0.0,0.0,0.0,0.0,0.0,0.0,0.0,0.17211635,0.18196242,0.4962625,0.14965871,0.0,0.0,0.0,0.0,0.0,0.0,0.0
0.43787026,0.032179605,0.025596842,0.50435334,0.8675,0.13250014,0.47023696,0.52976304,0.103917025,0.896083,0.90944165,0.07622577,0.014332605,0.0,0.0,0.0,0.0,0.0,0.0,0.0,0.0,0.0,0.0,0.0,0.0,0.0,0.20244904,0.23550108,0.37469548,0.18735442,0.0,0.0,0.0,0.0,0.0,0.0,0.0
0.019453175,0.11385097,0.8379298,0.028766152,0.9700689,0.02993122,0.9554839,0.04451611,0.9696124,0.030387618,0.0042196834,0.089567214,0.90621316,0.0,0.0,0.0,0.0,0.0,0.0,0.0,0.0,0.0,0.0,0.0,0.0,0.0,0.1931324,0.21324077,0.42711124,0.16651559,0.0,0.0,0.0,0.0,0.0,0.0,0.0
0.021409145,0.06653938,0.8694709,0.042580668,0.95501816,0.04498191,0.8162532,0.18374677,0.9002342,0.09976574,0.04465448,0.32522374,0.6301218,0.0,0.0,0.0,0.0,0.0,0.0,0.0,0.0,0.0,0.0,0.0,0.0,0.0,0.0,0.0,0.0,0.0,0.30500000000000005,0.01,0.076,0.16699999999999998,0.23700000000000002,0.025,0.181
0.9748335,0.0047116997,0.014748628,0.0057062786,0.9085443,0.09145566,0.729205,0.270795,0.6186313,0.3813687,0.74189824,0.23933835,0.018763524,0.0,0.0,0.0,0.0,0.0,0.0,0.0,0.0,0.0,0.0,0.0,0.0,0.0,0.19058712,0.24057269,0.3782643,0.19057587,0.0,0.0,0.0,0.0,0.0,0.0,0.0
0.9594993,0.0055129263,0.010938916,0.024048828,0.9229915,0.07700854,0.8385176,0.16148238,0.6241556,0.3758444,0.8996707,0.09298926,0.00734005,0.0,0.0,0.0,0.0,0.0,0.0,0.0,0.0,0.0,0.0,0.0,0.0,0.0,0.0,0.0,0.0,0.0,0.0,0.0,0.0,0.0,0.0,0.0,0.0
0.01642389,0.007518623,0.0043264683,0.971731,0.94390446,0.05609561,0.63838804,0.36161193,0.690084,0.30991602,0.75936294,0.2275544,0.013082646,0.0,0.0,0.0,0.0,0.0,0.0,0.0,0.0,0.0,0.0,0.0,0.0,0.0,0.0,0.0,0.0,0.0,0.0,0.0,0.0,0.0,0.0,0.0,0.0
0.0071232123,0.963336,0.020121349,0.0094194375,0.98595256,0.014047508,0.95365924,0.04634078,0.9775351,0.022464868,0.0011363424,0.00498562,0.9938781,0.020441255,0.916805,0.03484597,0.027907686,0.97567797,0.02432202,0.9515787,0.048421282,0.8665881,0.1334119,0.0058066957,0.5646845,0.42950886,0.19862233,0.19922675,0.42865703,0.17349386,0.0,0.0,0.0,1.0,0.0,0.0,0.0
0.8700229,0.009423166,0.01773857,0.10281538,0.93909407,0.060905945,0.96251124,0.03748877,0.8569376,0.14306238,0.7052979,0.28226113,0.012440981,0.0,0.0,0.0,0.0,0.0,0.0,0.0,0.0,0.0,0.0,0.0,0.0,0.0,0.0,0.0,0.0,0.0,0.0,0.0,0.0,0.0,0.0,0.0,0.0
