anger,joy,optimism,sadness,not-hate,hate,non_irony,irony,not-offensive,offensive,negative,neutral,positive,hm_anger,hm_joy,hm_optimism,hm_sadness,hm_not-hate,hm_hate,hm_non_irony,hm_irony,hm_not-offensive,hm_offensive,hm_negative,hm_neutral,hm_positive,0,1,2,3,im_angry,im_disgust,im_fear,im_happy,im_sad,im_surprise,im_neutral,label
0.11545601,0.011387345,0.19540612,0.6777505,0.9833288,0.016671283,0.84907675,0.1509233,0.7579054,0.24209459,0.43861705,0.4223582,0.13902473,0.0,0.0,0.0,0.0,0.0,0.0,0.0,0.0,0.0,0.0,0.0,0.0,0.0,0.0,0.0,0.0,0.0,0.0,0.0,0.0,0.0,0.0,0.0,0.0,happy
0.96690303,0.0067430865,0.0053632166,0.02099081,0.90927017,0.09072982,0.92181736,0.078182675,0.6656831,0.33431685,0.9196686,0.07300932,0.0073221345,0.0,0.0,0.0,0.0,0.0,0.0,0.0,0.0,0.0,0.0,0.0,0.0,0.0,0.2607479,0.1341065,0.5290024,0.076143146,0.0,0.0,0.0,0.0,0.0,0.0,0.0,angry
0.00932086,0.95792216,0.016562155,0.016194863,0.9724797,0.027520306,0.9051631,0.09483691,0.9784361,0.021563893,0.001311423,0.0063234377,0.99236506,0.0,0.0,0.0,0.0,0.0,0.0,0.0,0.0,0.0,0.0,0.0,0.0,0.0,0.1457967,0.055007428,0.76373434,0.035461556,0.0,0.0,0.0,0.0,0.0,0.0,0.0,happy
0.00827514,0.9593115,0.019986385,0.012426984,0.9338114,0.0661885,0.94882876,0.051171318,0.90964234,0.09035763,0.0014375835,0.02952338,0.9690389,0.0,0.0,0.0,0.0,0.0,0.0,0.0,0.0,0.0,0.0,0.0,0.0,0.0,0.0,0.0,0.0,0.0,0.0,0.0,0.0,0.0,0.0,0.0,0.0,happy
0.9760414,0.004919828,0.011711343,0.007327373,0.79318625,0.2068137,0.43233037,0.5676696,0.41976976,0.5802303,0.9099242,0.083571695,0.006504152,0.0,0.0,0.0,0.0,0.0,0.0,0.0,0.0,0.0,0.0,0.0,0.0,0.0,0.0,0.0,0.0,0.0,0.0,0.0,0.0,0.0,0.0,0.0,0.0,disappointed
0.0044465805,0.0074440227,0.003964173,0.98414534,0.96091765,0.039082363,0.9454212,0.05457882,0.87179214,0.12820786,0.7993646,0.17577219,0.024863236,0.0,0.0,0.0,0.0,0.0,0.0,0.0,0.0,0.0,0.0,0.0,0.0,0.0,0.2930579,0.17041785,0.3277998,0.20872448,0.0,0.0,0.0,0.0,0.0,0.0,0.0,sad
0.013926915,0.005868205,0.0055943457,0.9746104,0.98855895,0.01144113,0.95388776,0.046112295,0.88490343,0.1150966,0.49614525,0.4550893,0.048765466,0.0,0.0,0.0,0.0,0.0,0.0,0.0,0.0,0.0,0.0,0.0,0.0,0.0,0.0,0.0,0.0,0.0,0.0,0.0,0.0,0.0,0.0,0.0,0.0,sad
0.9449313,0.010245117,0.029244445,0.0155790085,0.9745064,0.02549353,0.87715214,0.12284788,0.8418728,0.15812722,0.39839405,0.417913,0.18369305,0.0,0.0,0.0,0.0,0.0,0.0,0.0,0.0,0.0,0.0,0.0,0.0,0.0,0.0,0.0,0.0,0.0,0.0,0.0,0.0,0.0,0.0,0.0,0.0,disappointed
0.06457932,0.5701016,0.3377581,0.027561063,0.9825534,0.017446613,0.54736507,0.452635,0.9422637,0.057736248,0.008180015,0.24013312,0.75168675,0.0,0.0,0.0,0.0,0.0,0.0,0.0,0.0,0.0,0.0,0.0,0.0,0.0,0.4574763,0.22077593,0.20264368,0.11910411,0.0,0.0,0.0,0.0,0.0,0.0,0.0,angry
0.08056509,0.03221569,0.007655046,0.8795641,0.9364874,0.06351269,0.7829268,0.21707325,0.66617155,0.33382854,0.75720125,0.2185773,0.024221519,0.0449688,0.8733771,0.03680533,0.044848848,0.9672861,0.032713875,0.96732265,0.032677244,0.83550274,0.16449732,0.0572155,0.8596357,0.083148725,0.0,0.0,0.0,0.0,0.0,0.0,0.0,0.0,0.0,0.0,0.0,sad
0.006336045,0.0066197016,0.004676866,0.98236746,0.9793484,0.020651521,0.9336175,0.066382565,0.46643093,0.5335691,0.8650743,0.12538782,0.009537954,0.0,0.0,0.0,0.0,0.0,0.0,0.0,0.0,0.0,0.0,0.0,0.0,0.0,0.26479566,0.17156927,0.33211565,0.23151946,0.0,0.0,0.0,0.0,0.0,0.0,0.0,sad
0.96989965,0.0055430895,0.014550968,0.010006286,0.9228739,0.07712614,0.8535742,0.14642581,0.68366873,0.3163312,0.96535397,0.031553037,0.0030929681,0.0,0.0,0.0,0.0,0.0,0.0,0.0,0.0,0.0,0.0,0.0,0.0,0.0,0.0,0.0,0.0,0.0,0.0,0.0,0.0,0.0,0.0,0.0,0.0,angry
0.21667655,0.50966793,0.059366614,0.21428892,0.93138266,0.06861736,0.5798085,0.42019156,0.11098603,0.889014,0.0650596,0.19437674,0.7405637,0.0,0.0,0.0,0.0,0.0,0.0,0.0,0.0,0.0,0.0,0.0,0.0,0.0,0.09533207,0.056965604,0.79312336,0.054578975,0.0,0.0,0.0,0.0,0.0,0.0,0.0,happy
0.0055242283,0.0067125903,0.0035015699,0.98426175,0.946291,0.053708997,0.92040735,0.079592675,0.73042625,0.26957375,0.93853015,0.054279193,0.007190705,0.0,0.0,0.0,0.0,0.0,0.0,0.0,0.0,0.0,0.0,0.0,0.0,0.0,0.0,0.0,0.0,0.0,0.0,0.0,0.0,0.0,0.0,0.0,0.0,sad
0.008009958,0.9641627,0.016160758,0.011666741,0.97871816,0.021281838,0.8806247,0.11937535,0.97328633,0.0267136,0.0010015179,0.03688251,0.962116,0.0,0.0,0.0,0.0,0.0,0.0,0.0,0.0,0.0,0.0,0.0,0.0,0.0,0.02750687,0.01852696,0.93307847,0.020887641,0.11,0.0,0.04,0.31,0.1,0.0,0.43,happy
0.008012605,0.9620557,0.01888659,0.011045127,0.98453045,0.015469555,0.9508524,0.04914761,0.96953034,0.030469662,0.0011142998,0.010294852,0.98859096,0.19344053,0.51371634,0.10687051,0.18597266,0.9335678,0.066432215,0.9388531,0.061146993,0.75882137,0.24117865,0.13604267,0.73247075,0.13148667,0.008970692,0.006709473,0.97456217,0.009757628,0.0,0.0,0.0,0.0,0.0,0.0,0.0,happy
0.96728116,0.018970363,0.006035872,0.0077125067,0.96787924,0.032120753,0.039464954,0.960535,0.51967627,0.48032376,0.804321,0.17757376,0.018105164,0.0,0.0,0.0,0.0,0.0,0.0,0.0,0.0,0.0,0.0,0.0,0.0,0.0,0.0,0.0,0.0,0.0,0.0,0.0,0.0,0.0,0.0,0.0,0.0,disappointed
0.4376105,0.06790486,0.042289674,0.45219487,0.9380174,0.061982565,0.83196634,0.16803364,0.41497064,0.5850293,0.77137446,0.21254024,0.016085347,0.0,0.0,0.0,0.0,0.0,0.0,0.0,0.0,0.0,0.0,0.0,0.0,0.0,0.0,0.0,0.0,0.0,0.77,0.0,0.1,0.03,0.04,0.0,0.05,disappointed
0.9755322,0.007215672,0.011284169,0.005967999,0.83679384,0.16320617,0.77491206,0.22508794,0.4350879,0.5649121,0.81643575,0.16984877,0.013715621,0.0,0.0,0.0,0.0,0.0,0.0,0.0,0.0,0.0,0.0,0.0,0.0,0.0,0.0,0.0,0.0,0.0,0.0,0.0,0.0,0.0,0.0,0.0,0.0,disappointed
0.9634184,0.004767117,0.009116486,0.022698084,0.9280859,0.0719141,0.95803475,0.04196524,0.12101593,0.8789841,0.97234166,0.024208529,0.0034498072,0.0,0.0,0.0,0.0,0.0,0.0,0.0,0.0,0.0,0.0,0.0,0.0,0.0,0.0,0.0,0.0,0.0,0.0,0.0,0.0,0.0,0.0,0.0,0.0,angry
0.5856278,0.013936674,0.19314627,0.2072894,0.9222364,0.07776356,0.9419876,0.05801238,0.91338927,0.08661078,0.2762893,0.51593494,0.20777586,0.0,0.0,0.0,0.0,0.0,0.0,0.0,0.0,0.0,0.0,0.0,0.0,0.0,0.0,0.0,0.0,0.0,0.0,0.0,0.0,0.0,0.0,0.0,0.0,disappointed
0.018918827,0.0055229403,0.0043497565,0.97120845,0.95439994,0.04560006,0.65362227,0.3463778,0.89860743,0.10139263,0.8034271,0.18336411,0.0132087385,0.0,0.0,0.0,0.0,0.0,0.0,0.0,0.0,0.0,0.0,0.0,0.0,0.0,0.0,0.0,0.0,0.0,0.0,0.0,0.0,0.0,0.0,0.0,0.0,sad
0.9813328,0.005619177,0.006370508,0.006677572,0.95854455,0.0414554,0.8914796,0.1085203,0.32347074,0.6765292,0.4298856,0.498389,0.07172538,0.0,0.0,0.0,0.0,0.0,0.0,0.0,0.0,0.0,0.0,0.0,0.0,0.0,0.48556346,0.2086781,0.2037582,0.10200023,0.0,0.0,0.0,0.0,0.0,0.0,0.0,angry
0.9748335,0.004711702,0.014748636,0.005706281,0.9085442,0.09145575,0.7292051,0.27079493,0.6186315,0.38136855,0.74189824,0.23933835,0.018763524,0.0,0.0,0.0,0.0,0.0,0.0,0.0,0.0,0.0,0.0,0.0,0.0,0.0,0.72787976,0.15159287,0.07394185,0.046585575,0.0,0.0,0.0,0.0,0.0,0.0,0.0,angry
0.96838206,0.0062041627,0.009684977,0.01572872,0.8493033,0.15069667,0.2583674,0.7416326,0.62932056,0.37067947,0.8703231,0.12613349,0.0035432542,0.0,0.0,0.0,0.0,0.0,0.0,0.0,0.0,0.0,0.0,0.0,0.0,0.0,0.0,0.0,0.0,0.0,0.0,0.0,0.0,0.0,0.0,0.0,0.0,disappointed
0.00851088,0.96595097,0.013212241,0.012326084,0.97414947,0.02585044,0.8498652,0.15013477,0.97791576,0.022084188,0.0014395571,0.0069660614,0.99159455,0.0,0.0,0.0,0.0,0.0,0.0,0.0,0.0,0.0,0.0,0.0,0.0,0.0,0.0,0.0,0.0,0.0,0.0,0.0,0.0,0.0,0.0,0.0,0.0,happy
0.87649333,0.029596938,0.020889984,0.073019676,0.95411134,0.045888606,0.54624695,0.4537531,0.2323811,0.76761895,0.93073475,0.061947033,0.0073182005,0.0,0.0,0.0,0.0,0.0,0.0,0.0,0.0,0.0,0.0,0.0,0.0,0.0,0.0,0.0,0.0,0.0,0.0,0.0,0.0,0.0,0.0,0.0,0.0,angry
0.008593959,0.010773977,0.0040795347,0.97655255,0.9697087,0.030291224,0.6339147,0.36608526,0.81293833,0.18706164,0.52469075,0.40529022,0.07001908,0.0,0.0,0.0,0.0,0.0,0.0,0.0,0.0,0.0,0.0,0.0,0.0,0.0,0.0,0.0,0.0,0.0,0.0,0.0,0.0,0.0,0.0,0.0,0.0,sad
0.0121857235,0.95867294,0.021029195,0.008112264,0.98092353,0.019076498,0.94658303,0.05341704,0.9601444,0.039855607,0.0007988605,0.010100364,0.9891007,0.11533493,0.77892965,0.0363357,0.06939972,0.98119605,0.01880398,0.91834,0.08166001,0.8277714,0.17222865,0.079036735,0.86841565,0.052547574,0.031468865,0.023671392,0.91413486,0.030724827,0.0,0.0,0.0,1.0,0.0,0.0,0.0,happy
0.951031,0.005580318,0.009046101,0.03434257,0.9609946,0.039005376,0.4100651,0.5899349,0.44484344,0.5551566,0.9170567,0.07805555,0.0048878165,0.0,0.0,0.0,0.0,0.0,0.0,0.0,0.0,0.0,0.0,0.0,0.0,0.0,0.0,0.0,0.0,0.0,0.0,0.0,0.0,0.0,0.0,0.0,0.0,disappointed
0.007679417,0.96852225,0.014557255,0.009241192,0.968068,0.031932015,0.9332705,0.06672951,0.97592205,0.024078013,0.0010516692,0.0066014035,0.9923471,0.0,0.0,0.0,0.0,0.0,0.0,0.0,0.0,0.0,0.0,0.0,0.0,0.0,0.0025318048,0.0012708255,0.99406,0.0021373865,0.0,0.0,0.0,0.0,0.0,0.0,0.0,happy
0.0114730075,0.006221998,0.014988931,0.967316,0.96557045,0.034429528,0.91176105,0.08823892,0.9414085,0.058591474,0.059396926,0.30711788,0.6334852,0.0,0.0,0.0,0.0,0.0,0.0,0.0,0.0,0.0,0.0,0.0,0.0,0.0,0.2380431,0.16083637,0.31940696,0.28171355,0.20333333333333334,0.0,0.03,0.7066666666666667,0.01,0.013333333333333334,0.03333333333333333,sad
0.33388123,0.33203173,0.25902152,0.0750656,0.9568882,0.04311178,0.808147,0.19185303,0.8158803,0.18411966,0.016724296,0.33566675,0.6476089,0.14779803,0.66462326,0.071936525,0.11564208,0.9603605,0.039639503,0.9650463,0.03495366,0.8174625,0.18253753,0.084846176,0.808474,0.10667991,0.21104181,0.1431705,0.55528253,0.09050506,0.13,0.0,0.02,0.22,0.3,0.02,0.32,disappointed
0.96838206,0.0062041627,0.009684977,0.01572872,0.8493033,0.15069662,0.2583674,0.74163264,0.62932056,0.37067947,0.8703231,0.12613349,0.0035432542,0.0,0.0,0.0,0.0,0.0,0.0,0.0,0.0,0.0,0.0,0.0,0.0,0.0,0.0,0.0,0.0,0.0,0.0,0.0,0.0,0.0,0.0,0.0,0.0,angry
0.0073585357,0.9626162,0.01792896,0.012096366,0.9698668,0.030133218,0.9434445,0.056555554,0.97342163,0.02657831,0.00079549034,0.012832774,0.98637176,0.0,0.0,0.0,0.0,0.0,0.0,0.0,0.0,0.0,0.0,0.0,0.0,0.0,4.306711e-05,3.5147637e-05,0.9998375,8.424752e-05,0.0,0.0,0.0,0.0,0.0,0.0,0.0,happy
0.08425951,0.810976,0.036413223,0.068351164,0.9775499,0.022450129,0.84408593,0.15591408,0.8597431,0.14025685,0.015182192,0.31145605,0.6733617,0.53167105,0.1309974,0.043310057,0.29402155,0.90713155,0.09286846,0.75722474,0.24277534,0.7461983,0.25380167,0.2523649,0.5999446,0.14769049,0.0,0.0,0.0,0.0,0.05,0.0,0.14,0.43,0.17,0.06,0.15,disappointed
0.0341426,0.7810612,0.16588134,0.018914862,0.9299911,0.07000876,0.934192,0.06580802,0.9676132,0.032386884,0.0025065804,0.11199728,0.88549626,0.0,0.0,0.0,0.0,0.0,0.0,0.0,0.0,0.0,0.0,0.0,0.0,0.0,0.5754109,0.1544658,0.19352786,0.07659545,0.0,0.0,0.0,0.0,0.0,0.0,0.0,angry
0.0096100755,0.9565457,0.024935935,0.008908271,0.96459717,0.03540282,0.9571293,0.042870753,0.95621943,0.043780617,0.0009961835,0.0074248263,0.99157894,0.0,0.0,0.0,0.0,0.0,0.0,0.0,0.0,0.0,0.0,0.0,0.0,0.0,0.0034525073,0.0023648841,0.99085194,0.0033306382,0.0,0.0,0.0,0.0,0.0,0.0,0.0,happy
0.0060580457,0.009767283,0.0040271203,0.98014754,0.98044795,0.019551983,0.6805485,0.31945145,0.14498366,0.8550163,0.63973266,0.32180136,0.038465954,0.0,0.0,0.0,0.0,0.0,0.0,0.0,0.0,0.0,0.0,0.0,0.0,0.0,0.0,0.0,0.0,0.0,0.0,0.0,0.0,0.0,0.0,0.0,0.0,sad
0.39850727,0.06770952,0.01691166,0.51687163,0.9791029,0.020897118,0.6909221,0.30907792,0.6434947,0.35650527,0.8100483,0.1741266,0.015825255,0.0,0.0,0.0,0.0,0.0,0.0,0.0,0.0,0.0,0.0,0.0,0.0,0.0,0.0,0.0,0.0,0.0,0.0,0.0,0.0,0.0,0.0,0.0,0.0,disappointed
0.02190387,0.66676825,0.26419592,0.04713199,0.97896194,0.02103809,0.9375665,0.062433515,0.96434903,0.03565098,0.0024888061,0.03008543,0.96742576,0.0,0.0,0.0,0.0,0.0,0.0,0.0,0.0,0.0,0.0,0.0,0.0,0.0,0.17935543,0.1280905,0.49337748,0.19917661,0.0,0.0,0.0,0.0,0.0,0.0,0.0,sad
0.03271542,0.08942555,0.6232497,0.25460935,0.9828542,0.017145893,0.8317885,0.16821158,0.93296593,0.06703414,0.075306036,0.2788631,0.6458308,0.0,0.0,0.0,0.0,0.0,0.0,0.0,0.0,0.0,0.0,0.0,0.0,0.0,0.0,0.0,0.0,0.0,0.0,0.0,0.0,0.0,0.0,0.0,0.0,sad
0.79339194,0.0075980346,0.008039786,0.19097027,0.9512709,0.04872916,0.9523977,0.047602415,0.47214985,0.52785015,0.85472476,0.12487519,0.020400066,0.0,0.0,0.0,0.0,0.0,0.0,0.0,0.0,0.0,0.0,0.0,0.0,0.0,0.0,0.0,0.0,0.0,0.0,0.0,0.0,0.0,0.0,0.0,0.0,sad
0.7632525,0.007948363,0.011589387,0.21720982,0.96806306,0.031936925,0.89913577,0.10086426,0.17251916,0.8274808,0.974074,0.02369757,0.0022284274,0.0,0.0,0.0,0.0,0.0,0.0,0.0,0.0,0.0,0.0,0.0,0.0,0.0,0.0,0.0,0.0,0.0,0.0,0.0,0.0,0.0,0.0,0.0,0.0,sad
0.8705483,0.01947038,0.058722444,0.051258903,0.8900561,0.10994389,0.9656132,0.034386806,0.81954783,0.18045214,0.1406141,0.7837309,0.075654976,0.0,0.0,0.0,0.0,0.0,0.0,0.0,0.0,0.0,0.0,0.0,0.0,0.0,0.0,0.0,0.0,0.0,0.0,0.0,0.0,0.0,0.0,0.0,0.0,disappointed
0.023628352,0.013254557,0.010820758,0.95229644,0.98905563,0.0109443115,0.9817896,0.01821038,0.91611254,0.083887465,0.26598227,0.50840014,0.22561768,0.0,0.0,0.0,0.0,0.0,0.0,0.0,0.0,0.0,0.0,0.0,0.0,0.0,0.0,0.0,0.0,0.0,0.22,0.0,0.11,0.27,0.18,0.02,0.19,angry
0.028240485,0.0052061756,0.007002235,0.9595512,0.7798538,0.22014628,0.32645768,0.67354226,0.4758506,0.52414936,0.96953505,0.028672386,0.0017926574,0.0,0.0,0.0,0.0,0.0,0.0,0.0,0.0,0.0,0.0,0.0,0.0,0.0,0.0,0.0,0.0,0.0,0.0,0.0,0.0,0.0,0.0,0.0,0.0,sad
0.980119,0.0034995435,0.009736699,0.006644682,0.9583701,0.041629817,0.9481449,0.051855028,0.77038276,0.22961722,0.7038137,0.26451218,0.03167416,0.0,0.0,0.0,0.0,0.0,0.0,0.0,0.0,0.0,0.0,0.0,0.0,0.0,0.0,0.0,0.0,0.0,0.0,0.0,0.0,0.0,0.0,0.0,0.0,disappointed
0.22857043,0.022537673,0.7195607,0.02933122,0.9553185,0.044681467,0.950487,0.04951301,0.8649076,0.13509244,0.10459237,0.58755666,0.30785108,0.19291195,0.50711066,0.06608918,0.23388822,0.9378723,0.062127706,0.7262426,0.27375734,0.79951286,0.2004871,0.1859509,0.6535068,0.16054237,0.0,0.0,0.0,0.0,0.0,0.0,0.0,0.0,0.0,0.0,0.0,angry
0.9558962,0.016261,0.013832009,0.014010815,0.9770162,0.02298368,0.6125457,0.38745433,0.9092591,0.090740874,0.40253627,0.5054699,0.09199385,0.0,0.0,0.0,0.0,0.0,0.0,0.0,0.0,0.0,0.0,0.0,0.0,0.0,0.0,0.0,0.0,0.0,0.0,0.0,0.0,0.0,0.0,0.0,0.0,angry
0.014600266,0.0056903884,0.010463611,0.96924573,0.98246163,0.01753823,0.9388908,0.061109245,0.92630804,0.073692,0.72834677,0.24177781,0.029875332,0.0,0.0,0.0,0.0,0.0,0.0,0.0,0.0,0.0,0.0,0.0,0.0,0.0,0.0,0.0,0.0,0.0,0.0,0.0,0.0,0.0,0.0,0.0,0.0,sad
0.9372998,0.008111935,0.047764804,0.006823369,0.9551494,0.044850536,0.66877,0.33122998,0.8362751,0.16372487,0.26869676,0.5023201,0.22898316,0.0,0.0,0.0,0.0,0.0,0.0,0.0,0.0,0.0,0.0,0.0,0.0,0.0,0.62115467,0.20016207,0.11564642,0.06303688,0.0,0.0,0.0,0.0,0.0,0.0,0.0,disappointed
0.9162295,0.00804705,0.060454626,0.015268805,0.7718873,0.22811271,0.04593317,0.9540669,0.79582745,0.20417252,0.625975,0.34136847,0.032656465,0.0,0.0,0.0,0.0,0.0,0.0,0.0,0.0,0.0,0.0,0.0,0.0,0.0,0.0,0.0,0.0,0.0,0.0,0.0,0.0,0.0,0.0,0.0,0.0,disappointed
0.017563563,0.94929284,0.020501727,0.012641967,0.9744717,0.025528356,0.76304525,0.23695472,0.915419,0.084581025,0.0008848839,0.044972423,0.95414275,0.19705148,0.63928,0.076495305,0.08717319,0.96766293,0.032337125,0.9261836,0.07381641,0.81923866,0.18076134,0.06106133,0.89134055,0.04759819,0.0,0.0,0.0,0.0,0.0,0.0,0.0,0.0,0.0,0.0,0.0,happy
0.8584746,0.009025501,0.0355465,0.096953414,0.95933634,0.04066363,0.92149186,0.07850819,0.76211214,0.23788783,0.76019996,0.22491075,0.014889274,0.0,0.0,0.0,0.0,0.0,0.0,0.0,0.0,0.0,0.0,0.0,0.0,0.0,0.0,0.0,0.0,0.0,0.0,0.0,0.0,0.0,0.0,0.0,0.0,angry
0.6303626,0.012357445,0.0064640446,0.3508158,0.98436874,0.015631313,0.46349666,0.5365033,0.23431103,0.76568896,0.973316,0.024559245,0.0021247962,0.0,0.0,0.0,0.0,0.0,0.0,0.0,0.0,0.0,0.0,0.0,0.0,0.0,0.0,0.0,0.0,0.0,0.0,0.0,0.0,0.0,0.0,0.0,0.0,happy
0.82940453,0.048885927,0.017421259,0.10428828,0.94155324,0.058446806,0.87097824,0.12902184,0.34672698,0.653273,0.7271647,0.2516027,0.021232693,0.0,0.0,0.0,0.0,0.0,0.0,0.0,0.0,0.0,0.0,0.0,0.0,0.0,0.0,0.0,0.0,0.0,0.0,0.0,0.0,0.0,0.0,0.0,0.0,sad
0.17504069,0.017588278,0.022602854,0.7847683,0.98457974,0.01542027,0.8286302,0.17136982,0.90297174,0.097028285,0.73383725,0.2460596,0.02010309,0.11862432,0.67514706,0.082405835,0.123822846,0.94684416,0.05315582,0.8966924,0.10330765,0.8678921,0.13210784,0.10142613,0.7232791,0.17529467,0.0,0.0,0.0,0.0,0.72,0.0,0.01,0.0,0.2,0.0,0.07,happy
0.979422,0.0036814264,0.008659673,0.008236745,0.9080981,0.091901824,0.92621714,0.07378289,0.4059699,0.59403014,0.7784713,0.19852826,0.023000458,0.0,0.0,0.0,0.0,0.0,0.0,0.0,0.0,0.0,0.0,0.0,0.0,0.0,0.0,0.0,0.0,0.0,0.0,0.0,0.0,0.0,0.0,0.0,0.0,angry
0.9840651,0.005607277,0.0049979733,0.005329596,0.9266297,0.07337018,0.9510834,0.04891661,0.14080794,0.859192,0.9666781,0.028898673,0.004423386,0.19291183,0.50711095,0.06608915,0.2338881,0.9378723,0.06212769,0.7262427,0.2737573,0.799513,0.200487,0.1859509,0.6535067,0.16054246,0.5295016,0.25433475,0.13071983,0.085443765,0.0,0.0,0.0,0.0,0.0,0.0,0.0,angry
0.023628352,0.013254557,0.010820758,0.95229644,0.98905563,0.0109443115,0.9817896,0.01821038,0.91611254,0.083887465,0.26598227,0.50840014,0.22561768,0.0,0.0,0.0,0.0,0.0,0.0,0.0,0.0,0.0,0.0,0.0,0.0,0.0,0.0,0.0,0.0,0.0,0.22,0.0,0.11,0.27,0.18,0.02,0.19,angry
0.09505563,0.00730844,0.018603949,0.8790321,0.9424981,0.05750197,0.7169648,0.2830352,0.68195045,0.31804955,0.90460926,0.08850697,0.006883873,0.0,0.0,0.0,0.0,0.0,0.0,0.0,0.0,0.0,0.0,0.0,0.0,0.0,0.0,0.0,0.0,0.0,0.0,0.0,0.0,0.0,0.0,0.0,0.0,sad
0.0048072673,0.018732341,0.012657041,0.96380323,0.95694673,0.04305317,0.9171575,0.08284259,0.91218334,0.087816775,0.34716097,0.40286383,0.24997517,0.0,0.0,0.0,0.0,0.0,0.0,0.0,0.0,0.0,0.0,0.0,0.0,0.0,0.0,0.0,0.0,0.0,0.0,0.0,0.0,0.0,0.0,0.0,0.0,sad
0.9783146,0.004009022,0.010513308,0.00716304,0.9711456,0.02885446,0.9314115,0.06858844,0.9090523,0.090947695,0.8795924,0.111760356,0.008647286,0.20754616,0.4609969,0.13304004,0.19841695,0.9360811,0.063918866,0.832445,0.167555,0.8281971,0.17180292,0.14856249,0.6861916,0.16524589,0.0,0.0,0.0,0.0,0.0,0.0,0.0,0.0,0.0,0.0,0.0,angry
0.018736642,0.9244209,0.025823193,0.031019203,0.9703182,0.029681722,0.9239333,0.0760667,0.9187547,0.08124532,0.014160979,0.48736933,0.49846974,0.23088624,0.42965072,0.12678649,0.21267663,0.9167364,0.083263546,0.7180388,0.28196114,0.7535462,0.24645382,0.17282109,0.6606741,0.16650476,0.0,0.0,0.0,0.0,0.0,0.0,0.0,0.0,0.0,0.0,0.0,angry
0.01754857,0.016721202,0.009692535,0.95603776,0.97047806,0.029521868,0.8374785,0.16252147,0.72922313,0.27077687,0.6412833,0.32179937,0.03691726,0.0,0.0,0.0,0.0,0.0,0.0,0.0,0.0,0.0,0.0,0.0,0.0,0.0,0.0,0.0,0.0,0.0,0.0,0.0,0.0,0.0,0.0,0.0,0.0,sad
0.45931378,0.010644578,0.022654751,0.507387,0.9661579,0.033842146,0.6650165,0.33498347,0.4940688,0.5059312,0.9055294,0.083376296,0.011094344,0.0,0.0,0.0,0.0,0.0,0.0,0.0,0.0,0.0,0.0,0.0,0.0,0.0,0.0,0.0,0.0,0.0,0.02,0.0,0.04,0.0,0.66,0.0,0.28,sad
0.025141519,0.32853338,0.057918653,0.58840656,0.9793017,0.02069831,0.926571,0.07342901,0.90588754,0.094112486,0.123153865,0.52320874,0.35363728,0.0,0.0,0.0,0.0,0.0,0.0,0.0,0.0,0.0,0.0,0.0,0.0,0.0,0.2523321,0.17234357,0.33124402,0.24408032,0.0,0.0,0.0,0.0,0.0,0.0,0.0,sad
0.008683545,0.95677316,0.02437165,0.010171711,0.97576964,0.024230275,0.95840997,0.041589867,0.97138804,0.028611979,0.00082147407,0.007763636,0.9914149,0.0,0.0,0.0,0.0,0.0,0.0,0.0,0.0,0.0,0.0,0.0,0.0,0.0,0.0030051968,0.0015982024,0.99317306,0.002223503,0.01,0.0,0.01,0.02,0.03,0.0,0.94,happy
0.9570298,0.0039192075,0.029095227,0.00995577,0.9573744,0.042625625,0.51414037,0.4858597,0.8317648,0.16823517,0.44936302,0.5279768,0.022660062,0.0,0.0,0.0,0.0,0.0,0.0,0.0,0.0,0.0,0.0,0.0,0.0,0.0,0.0,0.0,0.0,0.0,0.0,0.0,0.0,0.0,0.0,0.0,0.0,disappointed
0.9372998,0.008111935,0.047764804,0.006823369,0.9551494,0.044850547,0.66877,0.33122998,0.83627516,0.16372487,0.26869676,0.5023201,0.22898316,0.0,0.0,0.0,0.0,0.0,0.0,0.0,0.0,0.0,0.0,0.0,0.0,0.0,0.62115467,0.20016207,0.11564642,0.06303688,0.0,0.0,0.0,0.0,0.0,0.0,0.0,angry
0.014086358,0.81632954,0.08396384,0.08562014,0.96090657,0.039093535,0.8251753,0.17482464,0.91449374,0.08550631,0.018701216,0.30691123,0.6743875,0.0,0.0,0.0,0.0,0.0,0.0,0.0,0.0,0.0,0.0,0.0,0.0,0.0,0.0,0.0,0.0,0.0,0.0,0.0,0.0,0.0,0.0,0.0,0.0,happy
0.556888,0.02919691,0.25760052,0.15631467,0.9557465,0.044253547,0.47754493,0.5224551,0.8303702,0.16962977,0.2607352,0.6472415,0.092023246,0.0,0.0,0.0,0.0,0.0,0.0,0.0,0.0,0.0,0.0,0.0,0.0,0.0,0.0,0.0,0.0,0.0,0.0,0.0,0.0,0.0,0.0,0.0,0.0,happy
0.010589861,0.8695754,0.10373855,0.016096272,0.9809144,0.019085579,0.947103,0.052897017,0.9715255,0.0284745,0.0009766221,0.013762345,0.98526096,0.0,0.0,0.0,0.0,0.0,0.0,0.0,0.0,0.0,0.0,0.0,0.0,0.0,0.0014070224,0.0009131989,0.99568605,0.0019937796,0.0,0.0,0.0,0.0,0.0,0.0,0.0,happy
0.010906276,0.96209586,0.014203258,0.012794512,0.9864388,0.013561137,0.7314204,0.26857948,0.9342994,0.06570057,0.0012180158,0.059444513,0.9393376,0.0,0.0,0.0,0.0,0.0,0.0,0.0,0.0,0.0,0.0,0.0,0.0,0.0,0.0,0.0,0.0,0.0,0.125,0.0,0.085,0.485,0.245,0.015,0.045,happy
0.010295711,0.96005213,0.01825203,0.0114000365,0.94452703,0.055472936,0.9421312,0.057868853,0.9732491,0.026750963,0.0012780074,0.012198024,0.9865239,0.0,0.0,0.0,0.0,0.0,0.0,0.0,0.0,0.0,0.0,0.0,0.0,0.0,0.0,0.0,0.0,0.0,0.0,0.0,0.0,0.0,0.0,0.0,0.0,happy
0.015529656,0.7458164,0.21000534,0.02864843,0.98279315,0.017206836,0.89935416,0.1006458,0.95649314,0.04350684,0.0015315823,0.033911057,0.96455747,0.0,0.0,0.0,0.0,0.0,0.0,0.0,0.0,0.0,0.0,0.0,0.0,0.0,0.0,0.0,0.0,0.0,0.0,0.0,0.0,0.0,0.0,0.0,0.0,happy
0.94726324,0.0056597446,0.021362104,0.025714744,0.875336,0.124664046,0.6681572,0.33184278,0.54923457,0.4507654,0.73668385,0.2477941,0.015522061,0.0,0.0,0.0,0.0,0.0,0.0,0.0,0.0,0.0,0.0,0.0,0.0,0.0,0.0,0.0,0.0,0.0,0.0,0.0,0.0,0.0,0.0,0.0,0.0,angry
0.9712668,0.0064594843,0.010711688,0.011561988,0.9251146,0.0748854,0.62328225,0.37671775,0.7400402,0.2599598,0.60526454,0.3131562,0.081579216,0.0,0.0,0.0,0.0,0.0,0.0,0.0,0.0,0.0,0.0,0.0,0.0,0.0,0.0,0.0,0.0,0.0,0.0,0.0,0.0,0.0,0.0,0.0,0.0,happy
0.9824949,0.0044307215,0.0064055193,0.0066689523,0.9426173,0.057382673,0.8442308,0.15576917,0.3210869,0.67891306,0.96250147,0.03298794,0.004510608,0.0,0.0,0.0,0.0,0.0,0.0,0.0,0.0,0.0,0.0,0.0,0.0,0.0,0.30719927,0.23374285,0.31119767,0.14786015,0.0,0.0,0.0,0.0,0.0,0.0,0.0,disappointed
0.013645768,0.0063794116,0.025222221,0.9547526,0.9809256,0.019074243,0.26030627,0.73969376,0.89639604,0.103604086,0.16977632,0.5719216,0.25830206,0.0,0.0,0.0,0.0,0.0,0.0,0.0,0.0,0.0,0.0,0.0,0.0,0.0,0.0,0.0,0.0,0.0,0.0,0.0,0.0,0.0,0.0,0.0,0.0,sad
0.009986418,0.96628493,0.014148782,0.009579833,0.98595536,0.014044749,0.83823615,0.16176383,0.95283616,0.0471638,0.0009096749,0.022659801,0.9764306,0.032834273,0.8935382,0.028462194,0.045165483,0.96831906,0.031681005,0.9176135,0.08238645,0.83372396,0.16627605,0.034098238,0.8722128,0.093689,0.006510153,0.0059311464,0.98060304,0.006955672,0.0,0.0,0.0,0.0,0.0,0.0,0.0,happy
0.06251469,0.49445307,0.11677907,0.32625318,0.97029555,0.029704405,0.93834585,0.061654173,0.8933299,0.106670015,0.2738964,0.505811,0.22029261,0.16694091,0.6255402,0.08673693,0.12078193,0.9664627,0.033537325,0.85006756,0.14993238,0.80783945,0.19216059,0.037374415,0.778465,0.18416063,0.0,0.0,0.0,0.0,0.0,0.0,0.0,0.0,0.0,0.0,0.0,sad
0.010673702,0.9638506,0.016739877,0.008735765,0.98195887,0.01804103,0.7116919,0.28830805,0.9655075,0.034492556,0.0014971716,0.009215617,0.989287,0.0,0.0,0.0,0.0,0.0,0.0,0.0,0.0,0.0,0.0,0.0,0.0,0.0,0.0,0.0,0.0,0.0,0.0,0.0,0.0,0.0,0.0,0.0,0.0,happy
0.97783095,0.004637285,0.008869979,0.008661759,0.9510559,0.048944145,0.12632896,0.87367105,0.92708665,0.072913386,0.7825286,0.20470189,0.012769566,0.0,0.0,0.0,0.0,0.0,0.0,0.0,0.0,0.0,0.0,0.0,0.0,0.0,0.0,0.0,0.0,0.0,0.0,0.0,0.0,0.0,0.0,0.0,0.0,angry
0.96216005,0.0049571143,0.021182332,0.011700553,0.94745356,0.052546423,0.42764387,0.57235616,0.5819612,0.4180388,0.4694134,0.49094063,0.039645985,0.19291183,0.50711095,0.06608915,0.2338881,0.9378723,0.06212769,0.7262427,0.2737573,0.799513,0.200487,0.1859509,0.6535067,0.16054246,0.0,0.0,0.0,0.0,0.0,0.0,0.0,0.0,0.0,0.0,0.0,disappointed
0.00891314,0.9536511,0.023499273,0.013936435,0.97464186,0.025358142,0.8300234,0.1699765,0.9647437,0.035256337,0.00088873156,0.027484663,0.9716265,0.0,0.0,0.0,0.0,0.0,0.0,0.0,0.0,0.0,0.0,0.0,0.0,0.0,0.19460732,0.07082479,0.67113286,0.06343499,0.0,0.0,0.0,0.0,0.0,0.0,0.0,happy
0.009964956,0.9571348,0.0183602,0.014540196,0.93887424,0.061125856,0.9427825,0.057217546,0.9681479,0.031852145,0.0017790768,0.013066698,0.98515433,0.0,0.0,0.0,0.0,0.0,0.0,0.0,0.0,0.0,0.0,0.0,0.0,0.0,0.0,0.0,0.0,0.0,0.0,0.0,0.0,0.0,0.0,0.0,0.0,happy
0.012506724,0.013598662,0.008796358,0.9650983,0.97612333,0.023876628,0.9468988,0.053101163,0.45867887,0.54132116,0.22723915,0.6474146,0.12534612,0.0,0.0,0.0,0.0,0.0,0.0,0.0,0.0,0.0,0.0,0.0,0.0,0.0,0.0,0.0,0.0,0.0,0.0,0.0,0.0,0.0,0.0,0.0,0.0,sad
0.012722845,0.7253758,0.043202728,0.21869862,0.98346937,0.016530572,0.89631313,0.10368686,0.9630559,0.036944132,0.012112192,0.09015392,0.8977339,0.0,0.0,0.0,0.0,0.0,0.0,0.0,0.0,0.0,0.0,0.0,0.0,0.0,0.2607479,0.1341065,0.5290024,0.076143146,0.0,0.0,0.0,0.0,0.0,0.0,0.0,happy
0.9748335,0.004711702,0.014748628,0.0057062786,0.9085442,0.09145575,0.729205,0.27079502,0.6186315,0.38136852,0.74189824,0.23933832,0.018763518,0.0,0.0,0.0,0.0,0.0,0.0,0.0,0.0,0.0,0.0,0.0,0.0,0.0,0.72787976,0.15159287,0.07394185,0.046585575,0.0,0.0,0.0,0.0,0.0,0.0,0.0,angry
0.9570298,0.0039192075,0.029095206,0.009955766,0.9573744,0.042625617,0.51414055,0.48585945,0.8317648,0.16823512,0.44936293,0.52797705,0.022660062,0.0,0.0,0.0,0.0,0.0,0.0,0.0,0.0,0.0,0.0,0.0,0.0,0.0,0.0,0.0,0.0,0.0,0.0,0.0,0.0,0.0,0.0,0.0,0.0,disappointed
0.9725902,0.0039649843,0.0102389045,0.013206037,0.5133149,0.48668507,0.7146833,0.2853167,0.67412406,0.32587597,0.9594229,0.037879393,0.0026976436,0.0,0.0,0.0,0.0,0.0,0.0,0.0,0.0,0.0,0.0,0.0,0.0,0.0,0.0,0.0,0.0,0.0,0.0,0.0,0.0,0.0,0.0,0.0,0.0,angry
0.009726184,0.963113,0.01864564,0.008515005,0.93426085,0.0657391,0.9613072,0.038692813,0.96699995,0.033000007,0.00096234697,0.009377217,0.9896602,0.0,0.0,0.0,0.0,0.0,0.0,0.0,0.0,0.0,0.0,0.0,0.0,0.0,0.0,0.0,0.0,0.0,0.0,0.0,0.0,0.0,0.0,0.0,0.0,happy
0.9372998,0.008111935,0.047764804,0.006823369,0.9551494,0.044850547,0.66877,0.33122998,0.83627516,0.16372487,0.26869676,0.5023201,0.22898316,0.0,0.0,0.0,0.0,0.0,0.0,0.0,0.0,0.0,0.0,0.0,0.0,0.0,0.62115467,0.20016207,0.11564642,0.0630369,0.0,0.0,0.0,0.0,0.0,0.0,0.0,angry
0.9536101,0.005864068,0.010945141,0.029580796,0.87842745,0.1215725,0.8670008,0.13299908,0.59771705,0.40228295,0.7798176,0.20851485,0.011667526,0.0,0.0,0.0,0.0,0.0,0.0,0.0,0.0,0.0,0.0,0.0,0.0,0.0,0.0,0.0,0.0,0.0,0.0,0.0,0.0,0.0,0.0,0.0,0.0,angry
0.005260882,0.06613431,0.041575402,0.88702947,0.977794,0.022206025,0.55165124,0.4483487,0.81234574,0.1876542,0.0083149355,0.14401689,0.8476682,0.0,0.0,0.0,0.0,0.0,0.0,0.0,0.0,0.0,0.0,0.0,0.0,0.0,0.0,0.0,0.0,0.0,0.0,0.0,0.0,0.0,0.0,0.0,0.0,sad
0.90787035,0.0592264,0.009319931,0.023583435,0.9864115,0.0135885505,0.94913125,0.05086871,0.90591174,0.09408837,0.115827225,0.84296805,0.0412047,0.0,0.0,0.0,0.0,0.0,0.0,0.0,0.0,0.0,0.0,0.0,0.0,0.0,0.0,0.0,0.0,0.0,0.0,0.0,0.0,0.0,0.0,0.0,0.0,angry
0.9602593,0.004630632,0.012012525,0.023097461,0.9644016,0.035598446,0.35001382,0.64998627,0.8833654,0.1166346,0.765105,0.21886504,0.016029926,0.0,0.0,0.0,0.0,0.0,0.0,0.0,0.0,0.0,0.0,0.0,0.0,0.0,0.0,0.0,0.0,0.0,0.0,0.0,0.0,0.0,0.0,0.0,0.0,angry
0.9633936,0.0047924956,0.01560163,0.016212218,0.72531754,0.2746824,0.38037983,0.61962014,0.47616217,0.52383786,0.69664496,0.28644824,0.016906846,0.12860914,0.03145579,0.017429909,0.8225052,0.96341604,0.03658392,0.5997565,0.40024358,0.7673672,0.23263283,0.17464836,0.73558146,0.08977014,0.0,0.0,0.0,0.0,0.0,0.0,0.0,0.0,0.0,0.0,0.0,angry
0.02099504,0.7367134,0.19965687,0.042634487,0.97293425,0.027065752,0.9223581,0.07764186,0.9759183,0.02408171,0.0018789523,0.006825575,0.9912953,0.0,0.0,0.0,0.0,0.0,0.0,0.0,0.0,0.0,0.0,0.0,0.0,0.0,0.0,0.0,0.0,0.0,0.0,0.0,0.0,0.0,0.0,0.0,0.0,happy
0.9563813,0.0070765098,0.0046178866,0.031924214,0.9847295,0.015270385,0.93621427,0.06378577,0.8258551,0.17414492,0.9585221,0.038510412,0.002967483,0.0,0.0,0.0,0.0,0.0,0.0,0.0,0.0,0.0,0.0,0.0,0.0,0.0,0.2607479,0.1341065,0.5290024,0.076143146,0.0,0.0,0.0,0.0,0.0,0.0,0.0,angry
0.030148653,0.05684093,0.018370401,0.89464,0.9732391,0.026760869,0.9364939,0.063506134,0.89659363,0.10340634,0.28117415,0.6805974,0.03822847,0.24032041,0.44227493,0.11808201,0.19932263,0.8508463,0.14915374,0.76027846,0.23972149,0.76209867,0.23790133,0.23193559,0.52755326,0.24051128,0.14484842,0.0963267,0.6500631,0.10876176,0.03,0.0,0.03,0.0,0.85,0.0,0.1,sad
0.1669383,0.02499889,0.010643091,0.79741967,0.9802992,0.019700821,0.58013564,0.41986436,0.8167845,0.18321544,0.722374,0.24246319,0.035162754,0.0,0.0,0.0,0.0,0.0,0.0,0.0,0.0,0.0,0.0,0.0,0.0,0.0,0.0,0.0,0.0,0.0,0.0,0.0,0.0,0.0,0.0,0.0,0.0,angry
0.9786071,0.004432816,0.009150691,0.0078094085,0.95159537,0.048404675,0.766,0.23400009,0.5356334,0.46436659,0.95505905,0.039956458,0.0049845097,0.0,0.0,0.0,0.0,0.0,0.0,0.0,0.0,0.0,0.0,0.0,0.0,0.0,0.0,0.0,0.0,0.0,0.0,0.0,0.0,0.0,0.0,0.0,0.0,disappointed
0.51755434,0.035398133,0.08080844,0.3662391,0.90924335,0.090756536,0.8974044,0.10259554,0.5772977,0.42270228,0.4790565,0.46496928,0.055974197,0.0,0.0,0.0,0.0,0.0,0.0,0.0,0.0,0.0,0.0,0.0,0.0,0.0,0.0,0.0,0.0,0.0,0.0,0.0,0.0,0.0,0.0,0.0,0.0,disappointed
0.008399145,0.9637424,0.015641004,0.012217391,0.9555262,0.044473834,0.97460854,0.025391439,0.97070926,0.029290799,0.0009241368,0.006809399,0.99226665,0.0,0.0,0.0,0.0,0.0,0.0,0.0,0.0,0.0,0.0,0.0,0.0,0.0,0.035726197,0.023001656,0.9228084,0.018463755,0.0,0.0,0.0,0.0,0.0,0.0,0.0,happy
0.013259697,0.9494787,0.025724402,0.011537393,0.8819638,0.11803619,0.9009611,0.09903893,0.9662558,0.03374419,0.0015004284,0.0075200605,0.9909796,0.0,0.0,0.0,0.0,0.0,0.0,0.0,0.0,0.0,0.0,0.0,0.0,0.0,0.0,0.0,0.0,0.0,0.0,0.0,0.0,0.0,0.0,0.0,0.0,happy
0.93439406,0.027870284,0.0062719877,0.031463828,0.95500666,0.044993263,0.7158218,0.2841783,0.6966343,0.3033657,0.7077341,0.27409866,0.018167196,0.0,0.0,0.0,0.0,0.0,0.0,0.0,0.0,0.0,0.0,0.0,0.0,0.0,0.62115467,0.20016207,0.11564642,0.06303688,0.0,0.0,0.0,0.0,0.0,0.0,0.0,angry
0.04128438,0.71071666,0.21575111,0.032247946,0.985172,0.014828079,0.96916366,0.030836467,0.94449866,0.055501353,0.0035926532,0.124208696,0.87219864,0.40166032,0.24841544,0.22020426,0.12972,0.9032281,0.096771896,0.95946705,0.040533017,0.79434913,0.20565091,0.12009857,0.79624546,0.083655976,0.0,0.0,0.0,0.0,0.0,0.0,0.0,0.0,0.0,0.0,0.0,happy
0.9625033,0.019996066,0.007499481,0.010001172,0.93879956,0.061200432,0.8287653,0.1712347,0.59529203,0.40470797,0.80158913,0.17944786,0.018962987,0.0,0.0,0.0,0.0,0.0,0.0,0.0,0.0,0.0,0.0,0.0,0.0,0.0,0.7299073,0.12268039,0.09734647,0.050065923,0.0,0.0,0.0,0.0,0.0,0.0,0.0,angry
0.9225549,0.0047096354,0.011648947,0.06108649,0.97319424,0.026805755,0.8962884,0.10371159,0.65164053,0.34835938,0.8132455,0.1695281,0.01722644,0.0,0.0,0.0,0.0,0.0,0.0,0.0,0.0,0.0,0.0,0.0,0.0,0.0,0.0,0.0,0.0,0.0,0.0,0.0,0.0,0.0,0.0,0.0,0.0,angry
0.014626843,0.92938656,0.044425096,0.0115616685,0.98689824,0.013101636,0.7502662,0.24973376,0.97236055,0.027639462,0.0010964228,0.008793837,0.99010956,0.7698824,0.013217686,0.06851269,0.14838707,0.84675354,0.15324646,0.3034212,0.69657874,0.8707259,0.12927411,0.07332407,0.8459106,0.08076535,0.0,0.0,0.0,0.0,0.0,0.0,0.0,0.0,0.0,0.0,0.0,happy
0.014924416,0.0048885434,0.010482843,0.9697041,0.9782746,0.021725388,0.29055065,0.7094494,0.9326606,0.06733953,0.25516617,0.4582104,0.28662336,0.0,0.0,0.0,0.0,0.0,0.0,0.0,0.0,0.0,0.0,0.0,0.0,0.0,0.0,0.0,0.0,0.0,0.0,0.0,0.0,0.0,0.0,0.0,0.0,sad
0.9614467,0.008807325,0.004915335,0.0248307,0.91067994,0.089320056,0.62564534,0.3743547,0.11694256,0.8830575,0.9460553,0.0489278,0.005016872,0.0,0.0,0.0,0.0,0.0,0.0,0.0,0.0,0.0,0.0,0.0,0.0,0.0,0.0,0.0,0.0,0.0,0.0,0.0,0.0,0.0,0.0,0.0,0.0,sad
0.94664013,0.012865743,0.027945112,0.012549114,0.711641,0.28835896,0.7509573,0.24904267,0.77885485,0.22114511,0.16057613,0.6515643,0.18785952,0.18363188,0.6907471,0.058043454,0.06757752,0.9778405,0.022159472,0.9412722,0.05872785,0.8360845,0.16391547,0.084027685,0.827034,0.088938214,0.0,0.0,0.0,0.0,0.0,0.0,0.0,0.0,0.0,0.0,0.0,angry
0.016798906,0.70597,0.19887905,0.0783522,0.9742835,0.02571652,0.9776118,0.022388108,0.9761087,0.023891263,0.0015710205,0.02070028,0.9777286,0.0,0.0,0.0,0.0,0.0,0.0,0.0,0.0,0.0,0.0,0.0,0.0,0.0,0.2607479,0.1341065,0.5290024,0.076143146,0.0,0.0,0.0,0.0,0.0,0.0,0.0,happy
0.9327761,0.005603519,0.03851628,0.023104165,0.90825397,0.091745995,0.056386434,0.94361365,0.7346793,0.26532078,0.6799233,0.29671893,0.023357796,0.0,0.0,0.0,0.0,0.0,0.0,0.0,0.0,0.0,0.0,0.0,0.0,0.0,0.0,0.0,0.0,0.0,0.0,0.0,0.0,0.0,0.0,0.0,0.0,disappointed
0.9570298,0.0039192075,0.02909522,0.00995577,0.9573744,0.042625625,0.5141406,0.48585936,0.8317648,0.16823514,0.44936287,0.52797717,0.022660077,0.0,0.0,0.0,0.0,0.0,0.0,0.0,0.0,0.0,0.0,0.0,0.0,0.0,0.0,0.0,0.0,0.0,0.0,0.0,0.0,0.0,0.0,0.0,0.0,angry
0.0056050527,0.005939405,0.0046773143,0.98377824,0.9057382,0.09426182,0.76985455,0.23014551,0.82747674,0.17252329,0.8495279,0.1360007,0.014471553,0.0,0.0,0.0,0.0,0.0,0.0,0.0,0.0,0.0,0.0,0.0,0.0,0.0,0.0,0.0,0.0,0.0,0.0,0.0,0.0,0.0,0.0,0.0,0.0,sad
0.9805818,0.0049544135,0.00701169,0.007452159,0.8873619,0.11263814,0.8920106,0.10798933,0.09413969,0.9058603,0.9366546,0.054351065,0.0089943325,0.0,0.0,0.0,0.0,0.0,0.0,0.0,0.0,0.0,0.0,0.0,0.0,0.0,0.0,0.0,0.0,0.0,0.0,0.0,0.0,0.0,0.0,0.0,0.0,disappointed
0.95406514,0.00439889,0.031804066,0.009731983,0.9131452,0.08685483,0.08918465,0.9108154,0.66646516,0.33353478,0.9116001,0.08469255,0.0037072832,0.0,0.0,0.0,0.0,0.0,0.0,0.0,0.0,0.0,0.0,0.0,0.0,0.0,0.0,0.0,0.0,0.0,0.0,0.0,0.0,0.0,0.0,0.0,0.0,angry
0.016939245,0.9582093,0.014773264,0.010078286,0.7731581,0.22684197,0.8809053,0.11909471,0.50681794,0.49318206,0.012222455,0.089311175,0.8984662,0.0,0.0,0.0,0.0,0.0,0.0,0.0,0.0,0.0,0.0,0.0,0.0,0.0,0.62115467,0.20016207,0.11564642,0.06303688,0.0,0.0,0.0,0.0,0.0,0.0,0.0,happy
0.20666467,0.21890572,0.4140168,0.16041282,0.9773388,0.022661239,0.97548866,0.024511382,0.958345,0.041655023,0.0031346139,0.07753708,0.91932833,0.0,0.0,0.0,0.0,0.0,0.0,0.0,0.0,0.0,0.0,0.0,0.0,0.0,0.0,0.0,0.0,0.0,0.0,0.0,0.0,0.0,0.0,0.0,0.0,happy
0.010212939,0.9555576,0.021386126,0.012843131,0.92582303,0.07417691,0.9506825,0.049317565,0.9715026,0.028497469,0.0011299041,0.013326423,0.9855436,0.0,0.0,0.0,0.0,0.0,0.0,0.0,0.0,0.0,0.0,0.0,0.0,0.0,0.04591186,0.020688245,0.90979594,0.023603972,0.0,0.0,0.0,0.0,0.0,0.0,0.0,happy
0.95406514,0.00439889,0.031804066,0.009731983,0.9131452,0.08685483,0.08918465,0.9108154,0.66646516,0.33353478,0.9116001,0.08469255,0.0037072832,0.0,0.0,0.0,0.0,0.0,0.0,0.0,0.0,0.0,0.0,0.0,0.0,0.0,0.0,0.0,0.0,0.0,0.0,0.0,0.0,0.0,0.0,0.0,0.0,disappointed
0.018692693,0.90425307,0.0621082,0.014946052,0.97878945,0.021210598,0.6611254,0.33887464,0.93648326,0.06351675,0.002102742,0.028513154,0.96938413,0.05900723,0.63458234,0.2714314,0.034979086,0.97589856,0.024101453,0.7607898,0.23921013,0.91202873,0.087971255,0.014922566,0.6846209,0.3004565,0.0,0.0,0.0,0.0,0.0,0.0,0.0,0.0,0.0,0.0,0.0,happy
0.09915042,0.011151056,0.010951714,0.87874687,0.96285427,0.0371457,0.96768713,0.03231281,0.9190929,0.08090705,0.87362987,0.119229406,0.0071405456,0.0,0.0,0.0,0.0,0.0,0.0,0.0,0.0,0.0,0.0,0.0,0.0,0.0,0.0,0.0,0.0,0.0,0.0,0.0,0.0,0.0,0.0,0.0,0.0,disappointed
0.5559948,0.026875187,0.26352853,0.15360138,0.9404716,0.059528433,0.7796305,0.22036952,0.9340406,0.065959446,0.2191155,0.73477745,0.046107084,0.0,0.0,0.0,0.0,0.0,0.0,0.0,0.0,0.0,0.0,0.0,0.0,0.0,0.0,0.0,0.0,0.0,0.0,0.0,0.0,0.0,0.0,0.0,0.0,angry
0.9446545,0.013447965,0.005587166,0.03631043,0.9732962,0.026703883,0.8008991,0.19910094,0.78678095,0.2132191,0.69603276,0.28011036,0.023856837,0.0,0.0,0.0,0.0,0.0,0.0,0.0,0.0,0.0,0.0,0.0,0.0,0.0,0.0,0.0,0.0,0.0,0.0,0.0,0.0,0.0,0.0,0.0,0.0,angry
0.9570298,0.0039192075,0.02909522,0.00995577,0.9573744,0.042625625,0.5141406,0.48585936,0.8317648,0.16823514,0.44936287,0.52797717,0.022660077,0.0,0.0,0.0,0.0,0.0,0.0,0.0,0.0,0.0,0.0,0.0,0.0,0.0,0.0,0.0,0.0,0.0,0.0,0.0,0.0,0.0,0.0,0.0,0.0,disappointed
0.015855202,0.503462,0.42284122,0.057841625,0.9825636,0.017436268,0.94948626,0.05051367,0.9736569,0.026343122,0.0018678333,0.021781953,0.97635025,0.0,0.0,0.0,0.0,0.0,0.0,0.0,0.0,0.0,0.0,0.0,0.0,0.0,0.04591186,0.020688245,0.90979594,0.023603972,0.12,0.0,0.045,0.2,0.255,0.0,0.38,happy
0.9813328,0.005619177,0.006370508,0.006677572,0.95854455,0.0414554,0.8914796,0.1085203,0.32347074,0.6765292,0.4298856,0.498389,0.07172538,0.0,0.0,0.0,0.0,0.0,0.0,0.0,0.0,0.0,0.0,0.0,0.0,0.0,0.48556346,0.2086781,0.2037582,0.10200023,0.0,0.0,0.0,0.0,0.0,0.0,0.0,disappointed
0.01300857,0.005717996,0.006793028,0.9744805,0.9739934,0.026006574,0.5030346,0.4969654,0.7421493,0.25785074,0.81691617,0.15700018,0.026083734,0.0,0.0,0.0,0.0,0.0,0.0,0.0,0.0,0.0,0.0,0.0,0.0,0.0,0.0,0.0,0.0,0.0,0.0,0.0,0.0,0.0,0.0,0.0,0.0,sad
0.45931378,0.010644578,0.022654751,0.507387,0.9661579,0.033842146,0.6650165,0.33498347,0.4940688,0.5059312,0.9055294,0.083376296,0.011094344,0.0,0.0,0.0,0.0,0.0,0.0,0.0,0.0,0.0,0.0,0.0,0.0,0.0,0.0,0.0,0.0,0.0,0.02,0.0,0.04,0.0,0.66,0.0,0.28,sad
0.8897618,0.006074609,0.09319185,0.010971759,0.92402184,0.07597807,0.9551368,0.0448632,0.8782377,0.1217623,0.28723362,0.56062543,0.15214097,0.20668134,0.11140868,0.2045373,0.4773727,0.90580225,0.09419779,0.43180448,0.5681956,0.793307,0.206693,0.12260909,0.674949,0.20244196,0.0,0.0,0.0,0.0,0.0,0.0,0.0,0.0,0.0,0.0,0.0,angry
0.9587973,0.0054990114,0.019389462,0.016314426,0.9601495,0.039850418,0.7889077,0.2110923,0.81589997,0.18410003,0.7907127,0.19226916,0.017018175,0.96017027,0.0055613304,0.016723642,0.017544756,0.7013547,0.29864538,0.2516643,0.7483358,0.70889115,0.29110888,0.3755935,0.5965342,0.027872311,0.45039505,0.1663824,0.2734673,0.10975531,0.0,0.0,0.0,0.0,0.0,0.0,0.0,angry
0.011804052,0.9453498,0.03360752,0.009238549,0.98838687,0.011613175,0.90765965,0.092340276,0.9455299,0.05447013,0.0012826466,0.053714644,0.94500273,0.036985043,0.8591032,0.06277255,0.041139115,0.9829651,0.017034842,0.8958261,0.10417392,0.8972897,0.10271027,0.025537787,0.82817024,0.14629197,6.025324e-05,2.8074872e-05,0.9998627,4.89592e-05,0.0,0.0,0.0,0.0,0.0,0.0,0.0,happy
0.005628332,0.006694594,0.003924103,0.9837529,0.97769314,0.022306727,0.8914974,0.108502604,0.67464757,0.3253524,0.9465424,0.046176624,0.0072808876,0.0,0.0,0.0,0.0,0.0,0.0,0.0,0.0,0.0,0.0,0.0,0.0,0.0,0.0,0.0,0.0,0.0,0.0,0.0,0.0,0.0,0.0,0.0,0.0,sad
0.98063064,0.004405498,0.0098803295,0.0050834604,0.96155214,0.038447816,0.76081854,0.23918156,0.5084918,0.4915082,0.946495,0.048045106,0.005459887,0.0,0.0,0.0,0.0,0.0,0.0,0.0,0.0,0.0,0.0,0.0,0.0,0.0,0.0,0.0,0.0,0.0,0.0,0.0,0.0,0.0,0.0,0.0,0.0,disappointed
0.9259259,0.008246495,0.051288426,0.014538955,0.9608095,0.039190486,0.44270107,0.5572989,0.26716045,0.7328396,0.56150895,0.31751034,0.12098068,0.0,0.0,0.0,0.0,0.0,0.0,0.0,0.0,0.0,0.0,0.0,0.0,0.0,0.0,0.0,0.0,0.0,0.0,0.0,0.0,0.0,0.0,0.0,0.0,disappointed
0.98024756,0.0060236123,0.006799555,0.00692942,0.96690255,0.03309742,0.3996639,0.60033613,0.6047971,0.39520288,0.78835595,0.19958049,0.012063544,0.0,0.0,0.0,0.0,0.0,0.0,0.0,0.0,0.0,0.0,0.0,0.0,0.0,0.0,0.0,0.0,0.0,0.0,0.0,0.0,0.0,0.0,0.0,0.0,disappointed
0.8219849,0.008155992,0.14240618,0.027452925,0.9670741,0.032925833,0.758805,0.24119501,0.6244344,0.37556565,0.36435983,0.48785716,0.147783,0.0,0.0,0.0,0.0,0.0,0.0,0.0,0.0,0.0,0.0,0.0,0.0,0.0,0.0,0.0,0.0,0.0,0.07250000000000001,0.0,0.0425,0.24,0.47,0.005,0.16999999999999998,disappointed
0.031510856,0.92983603,0.022588369,0.016064696,0.9876738,0.012326014,0.95096403,0.04903595,0.9407454,0.05925459,0.0023519606,0.16566378,0.83198416,0.1728519,0.114575446,0.09506191,0.6175106,0.9378525,0.062147602,0.41915515,0.5808448,0.8095266,0.19047336,0.2033136,0.697548,0.09913832,0.0,0.0,0.0,0.0,0.0,0.0,0.0,0.0,0.0,0.0,0.0,angry
0.051674396,0.5353873,0.30956396,0.103374325,0.98398864,0.016011309,0.94624954,0.05375042,0.943623,0.056377064,0.049745325,0.1364376,0.813817,0.0,0.0,0.0,0.0,0.0,0.0,0.0,0.0,0.0,0.0,0.0,0.0,0.0,0.0,0.0,0.0,0.0,0.0,0.0,0.0,0.0,0.0,0.0,0.0,angry
0.8331595,0.11835042,0.012722555,0.035767492,0.9551227,0.044877212,0.83993894,0.16006108,0.5936883,0.40631175,0.37273854,0.56164926,0.06561219,0.0,0.0,0.0,0.0,0.0,0.0,0.0,0.0,0.0,0.0,0.0,0.0,0.0,0.0,0.0,0.0,0.0,0.0,0.0,0.0,0.0,0.0,0.0,0.0,disappointed
0.9396823,0.024888033,0.004115173,0.031314656,0.87399346,0.1260066,0.8259737,0.17402638,0.50324005,0.49675998,0.89636064,0.08902823,0.014611053,0.0,0.0,0.0,0.0,0.0,0.0,0.0,0.0,0.0,0.0,0.0,0.0,0.0,0.2607479,0.1341065,0.5290024,0.076143146,0.0,0.0,0.0,0.0,0.0,0.0,0.0,disappointed
0.0084182825,0.96419007,0.017121758,0.01026991,0.97871596,0.021284062,0.85060114,0.14939892,0.96317923,0.03682076,0.0008354838,0.012149705,0.98701495,0.03814032,0.8884335,0.035084635,0.03834141,0.96603745,0.03396258,0.92673105,0.073268965,0.83825254,0.16174743,0.04233067,0.861714,0.09595528,0.0032623694,0.0016791198,0.9929518,0.0021066193,0.0,0.0,0.0,0.0,0.0,0.0,0.0,happy
0.96320254,0.004188561,0.017859148,0.014749662,0.6693179,0.33068213,0.6879223,0.3120777,0.3643587,0.6356413,0.9358441,0.059126623,0.0050293393,0.0,0.0,0.0,0.0,0.0,0.0,0.0,0.0,0.0,0.0,0.0,0.0,0.0,0.0,0.0,0.0,0.0,0.0,0.0,0.0,0.0,0.0,0.0,0.0,angry
0.52128494,0.25672612,0.18604921,0.03593976,0.9599884,0.04001165,0.17310463,0.8268954,0.5222959,0.47770405,0.7912818,0.17918572,0.029532336,0.0,0.0,0.0,0.0,0.0,0.0,0.0,0.0,0.0,0.0,0.0,0.0,0.0,0.0,0.0,0.0,0.0,0.0,0.0,0.0,0.0,0.0,0.0,0.0,angry
0.9155934,0.010376041,0.036272574,0.03775811,0.9163822,0.08361783,0.9215045,0.078495614,0.5923305,0.40766954,0.60957897,0.34467408,0.045747045,0.0,0.0,0.0,0.0,0.0,0.0,0.0,0.0,0.0,0.0,0.0,0.0,0.0,0.0,0.0,0.0,0.0,0.0,0.0,0.0,0.0,0.0,0.0,0.0,happy
0.58562756,0.013936681,0.19314629,0.2072895,0.9222365,0.07776352,0.9419876,0.05801238,0.91338927,0.08661082,0.27628925,0.5159349,0.20777594,0.0,0.0,0.0,0.0,0.0,0.0,0.0,0.0,0.0,0.0,0.0,0.0,0.0,0.0,0.0,0.0,0.0,0.0,0.0,0.0,0.0,0.0,0.0,0.0,disappointed
0.93439406,0.027870284,0.0062719877,0.031463828,0.95500666,0.044993263,0.7158218,0.2841783,0.6966343,0.3033657,0.7077341,0.27409866,0.018167196,0.0,0.0,0.0,0.0,0.0,0.0,0.0,0.0,0.0,0.0,0.0,0.0,0.0,0.62115467,0.20016207,0.11564642,0.06303688,0.0,0.0,0.0,0.0,0.0,0.0,0.0,angry
0.916663,0.0057658497,0.056546696,0.021024507,0.92040133,0.07959859,0.9380957,0.061904307,0.50213885,0.49786115,0.5865793,0.36054543,0.052875254,0.0,0.0,0.0,0.0,0.0,0.0,0.0,0.0,0.0,0.0,0.0,0.0,0.0,0.0,0.0,0.0,0.0,0.0,0.0,0.0,0.0,0.0,0.0,0.0,disappointed
0.92129546,0.051150896,0.008915414,0.01863825,0.9471549,0.05284516,0.8696051,0.13039489,0.8293548,0.17064513,0.4427899,0.4681767,0.08903343,0.10193056,0.6852909,0.05922596,0.15355262,0.94873804,0.05126192,0.6568704,0.34312955,0.7132428,0.28675717,0.14848796,0.7317008,0.11981134,0.0,0.0,0.0,0.0,0.0,0.0,0.0,0.0,0.0,0.0,0.0,angry
0.9570298,0.0039192056,0.029095214,0.009955766,0.9573744,0.042625625,0.51414037,0.48585963,0.8317648,0.1682352,0.44936293,0.5279771,0.022660088,0.0,0.0,0.0,0.0,0.0,0.0,0.0,0.0,0.0,0.0,0.0,0.0,0.0,0.0,0.0,0.0,0.0,0.0,0.0,0.0,0.0,0.0,0.0,0.0,disappointed
0.049175024,0.9127401,0.017798778,0.020286057,0.96205306,0.037947003,0.8019934,0.19800651,0.9008527,0.099147305,0.048843857,0.13652259,0.8146335,0.0,0.0,0.0,0.0,0.0,0.0,0.0,0.0,0.0,0.0,0.0,0.0,0.0,0.0,0.0,0.0,0.0,0.0,0.0,0.0,0.0,0.0,0.0,0.0,angry
0.023744274,0.011228364,0.0060910983,0.9589363,0.9772458,0.022754109,0.9114636,0.08853643,0.7714471,0.22855288,0.2778003,0.37964696,0.34255275,0.20430852,0.5426904,0.1516653,0.10133578,0.9781855,0.021814413,0.4280272,0.5719728,0.844339,0.15566091,0.097952396,0.83758104,0.06446651,0.0,0.0,0.0,0.0,0.0,0.0,0.0,0.0,0.0,0.0,0.0,sad
0.0059839394,0.007806378,0.005410211,0.9807995,0.95028776,0.049712226,0.7847985,0.2152015,0.8036234,0.19637671,0.64303595,0.31832936,0.038634665,0.0,0.0,0.0,0.0,0.0,0.0,0.0,0.0,0.0,0.0,0.0,0.0,0.0,0.25160557,0.16776925,0.34044552,0.24017964,0.0,0.0,0.0,0.0,0.0,0.0,0.0,sad
0.037912,0.42135733,0.39832622,0.1424044,0.98524386,0.014756099,0.9503206,0.04967939,0.96091306,0.039086852,0.008465411,0.0835585,0.9079762,0.0,0.0,0.0,0.0,0.0,0.0,0.0,0.0,0.0,0.0,0.0,0.0,0.0,0.36739892,0.20314816,0.32882828,0.10062462,0.0,0.0,0.0,0.0,0.0,0.0,0.0,disappointed
0.98316133,0.0058675166,0.0068097953,0.004161613,0.8292049,0.17079507,0.61483544,0.3851646,0.44963425,0.55036575,0.73301214,0.2490094,0.017978426,0.0,0.0,0.0,0.0,0.0,0.0,0.0,0.0,0.0,0.0,0.0,0.0,0.0,0.0,0.0,0.0,0.0,0.0,0.0,0.0,0.0,0.0,0.0,0.0,angry
0.97385085,0.0076769455,0.004988219,0.0134840505,0.8255474,0.17445265,0.8430127,0.15698738,0.62496823,0.3750318,0.8296371,0.15249604,0.017866796,0.0,0.0,0.0,0.0,0.0,0.0,0.0,0.0,0.0,0.0,0.0,0.0,0.0,0.0,0.0,0.0,0.0,0.77,0.0,0.17,0.0,0.03,0.03,0.01,angry
0.01042585,0.9508875,0.02892115,0.009765481,0.9853862,0.014613757,0.6939764,0.30602357,0.9749259,0.02507415,0.00089183863,0.013486353,0.98562187,0.0,0.0,0.0,0.0,0.0,0.0,0.0,0.0,0.0,0.0,0.0,0.0,0.0,0.06653122,0.040563546,0.8475457,0.04535951,0.0,0.0,0.0,0.0,0.0,0.0,0.0,happy
0.011244326,0.95183223,0.023998065,0.012925173,0.9894908,0.010509274,0.91735595,0.08264407,0.9588806,0.041119386,0.001206157,0.07078076,0.9280131,0.037290677,0.8745629,0.04034724,0.04779897,0.97040945,0.029590432,0.8802651,0.11973487,0.8982592,0.101740696,0.061847422,0.81825477,0.11989781,0.0,0.0,0.0,0.0,0.0,0.0,0.0,0.0,0.0,0.0,0.0,happy
0.9759111,0.005168903,0.01209087,0.0068292473,0.9191357,0.080864236,0.091662295,0.9083378,0.50418633,0.49581367,0.9459874,0.04954358,0.0044690105,0.0,0.0,0.0,0.0,0.0,0.0,0.0,0.0,0.0,0.0,0.0,0.0,0.0,0.0,0.0,0.0,0.0,0.0,0.0,0.0,0.0,0.0,0.0,0.0,angry
0.9606816,0.0040028943,0.015692154,0.019623319,0.91782135,0.082178675,0.772392,0.22760805,0.78164256,0.21835741,0.8477001,0.14486673,0.00743324,0.0,0.0,0.0,0.0,0.0,0.0,0.0,0.0,0.0,0.0,0.0,0.0,0.0,0.0,0.0,0.0,0.0,0.0,0.0,0.0,0.0,0.0,0.0,0.0,disappointed
0.02089923,0.84693503,0.1157889,0.01637688,0.97334224,0.02665774,0.8973765,0.102623574,0.96476644,0.03523357,0.001212742,0.014178391,0.9846089,0.0,0.0,0.0,0.0,0.0,0.0,0.0,0.0,0.0,0.0,0.0,0.0,0.0,0.0,0.0,0.0,0.0,0.0,0.0,0.0,0.0,0.0,0.0,0.0,happy
0.9372998,0.008111935,0.047764804,0.006823369,0.9551494,0.044850536,0.66877,0.33122998,0.8362751,0.16372487,0.26869676,0.5023201,0.22898316,0.0,0.0,0.0,0.0,0.0,0.0,0.0,0.0,0.0,0.0,0.0,0.0,0.0,0.62115467,0.20016207,0.11564642,0.06303688,0.0,0.0,0.0,0.0,0.0,0.0,0.0,disappointed
0.8810759,0.01198816,0.08556049,0.021375451,0.9139107,0.086089276,0.8038894,0.19611058,0.8235997,0.17640024,0.4661456,0.4651009,0.06875347,0.0,0.0,0.0,0.0,0.0,0.0,0.0,0.0,0.0,0.0,0.0,0.0,0.0,0.0,0.0,0.0,0.0,0.0,0.0,0.0,0.0,0.0,0.0,0.0,angry
0.9570298,0.0039192075,0.02909522,0.00995577,0.9573744,0.042625625,0.5141406,0.48585936,0.8317648,0.16823512,0.44936284,0.52797717,0.022660077,0.0,0.0,0.0,0.0,0.0,0.0,0.0,0.0,0.0,0.0,0.0,0.0,0.0,0.0,0.0,0.0,0.0,0.0,0.0,0.0,0.0,0.0,0.0,0.0,angry
0.015587747,0.8803769,0.08661117,0.017424166,0.9788423,0.021157758,0.93961644,0.060383536,0.96593493,0.034065023,0.0021304653,0.01202448,0.98584515,0.0,0.0,0.0,0.0,0.0,0.0,0.0,0.0,0.0,0.0,0.0,0.0,0.0,0.0,0.0,0.0,0.0,0.0,0.0,0.0,0.0,0.0,0.0,0.0,happy
0.98303616,0.0070594396,0.0058287773,0.004075766,0.9418617,0.05813838,0.31949374,0.6805062,0.7950605,0.20493948,0.7194474,0.25506774,0.02548484,0.0,0.0,0.0,0.0,0.0,0.0,0.0,0.0,0.0,0.0,0.0,0.0,0.0,0.0,0.0,0.0,0.0,0.0,0.0,0.0,0.0,0.0,0.0,0.0,angry
0.46569043,0.0068854853,0.036946986,0.49047726,0.96712816,0.032871798,0.5648319,0.43516815,0.7123834,0.2876166,0.77566206,0.20863624,0.015701706,0.0,0.0,0.0,0.0,0.0,0.0,0.0,0.0,0.0,0.0,0.0,0.0,0.0,0.0,0.0,0.0,0.0,0.0,0.0,0.0,0.0,0.0,0.0,0.0,angry
0.9748335,0.004711702,0.014748636,0.005706281,0.9085442,0.09145575,0.7292051,0.27079493,0.6186315,0.38136855,0.74189824,0.23933835,0.018763524,0.0,0.0,0.0,0.0,0.0,0.0,0.0,0.0,0.0,0.0,0.0,0.0,0.0,0.72787976,0.15159287,0.07394185,0.046585575,0.0,0.0,0.0,0.0,0.0,0.0,0.0,disappointed
0.97685295,0.0038633263,0.01229916,0.0069844676,0.9284202,0.0715798,0.44230342,0.5576966,0.5080407,0.49195927,0.85511327,0.13243751,0.012449165,0.0,0.0,0.0,0.0,0.0,0.0,0.0,0.0,0.0,0.0,0.0,0.0,0.0,0.0,0.0,0.0,0.0,0.0,0.0,0.0,0.0,0.0,0.0,0.0,disappointed
0.15254892,0.7918839,0.027552463,0.028014563,0.97305536,0.026944643,0.9040321,0.095967956,0.8774842,0.122515894,0.028929446,0.33481544,0.63625515,0.09811199,0.67744434,0.13126364,0.093180075,0.9658111,0.034188975,0.94579685,0.054203194,0.86807036,0.13192971,0.055123873,0.8662942,0.07858201,0.5614907,0.14581406,0.20524319,0.08745209,0.03,0.0,0.05,0.0,0.06,0.01,0.86,angry
0.0072514922,0.04807036,0.0066773114,0.93800086,0.966537,0.033462998,0.68984747,0.31015247,0.8369771,0.1630229,0.028679477,0.07506242,0.89625806,0.0,0.0,0.0,0.0,0.0,0.0,0.0,0.0,0.0,0.0,0.0,0.0,0.0,0.0,0.0,0.0,0.0,0.0,0.0,0.0,0.0,0.0,0.0,0.0,sad
0.9748335,0.004711702,0.014748636,0.005706281,0.9085442,0.09145575,0.7292051,0.27079493,0.6186315,0.38136855,0.74189824,0.23933835,0.018763524,0.0,0.0,0.0,0.0,0.0,0.0,0.0,0.0,0.0,0.0,0.0,0.0,0.0,0.72787976,0.15159287,0.07394185,0.046585575,0.0,0.0,0.0,0.0,0.0,0.0,0.0,disappointed
0.013645768,0.0063794116,0.025222221,0.9547526,0.9809256,0.019074243,0.26030627,0.73969376,0.89639604,0.103604086,0.16977632,0.5719216,0.25830206,0.0,0.0,0.0,0.0,0.0,0.0,0.0,0.0,0.0,0.0,0.0,0.0,0.0,0.0,0.0,0.0,0.0,0.0,0.0,0.0,0.0,0.0,0.0,0.0,sad
0.043979462,0.6386337,0.13772568,0.1796611,0.91044784,0.08955209,0.7914767,0.20852336,0.916064,0.083935976,0.08009103,0.38280722,0.53710175,0.0,0.0,0.0,0.0,0.0,0.0,0.0,0.0,0.0,0.0,0.0,0.0,0.0,0.0,0.0,0.0,0.0,0.0,0.0,0.0,1.0,0.0,0.0,0.0,sad
0.9743599,0.005642983,0.004572229,0.015424991,0.7932978,0.20670217,0.63548374,0.36451623,0.18203296,0.81796706,0.84952873,0.1382804,0.012190925,0.0,0.0,0.0,0.0,0.0,0.0,0.0,0.0,0.0,0.0,0.0,0.0,0.0,0.2607479,0.1341065,0.5290024,0.076143146,0.0,0.0,0.0,0.0,0.0,0.0,0.0,angry
0.014447015,0.0045368443,0.011281409,0.9697348,0.979903,0.020096984,0.7919449,0.20805514,0.75492567,0.24507433,0.9198723,0.07125859,0.008869061,0.0,0.0,0.0,0.0,0.0,0.0,0.0,0.0,0.0,0.0,0.0,0.0,0.0,0.0,0.0,0.0,0.0,0.0,0.0,0.0,0.0,0.0,0.0,0.0,sad
0.9779771,0.0042274413,0.01091905,0.006876351,0.7407158,0.25928417,0.8910095,0.1089905,0.34347174,0.6565283,0.9043533,0.088635,0.007011657,0.0,0.0,0.0,0.0,0.0,0.0,0.0,0.0,0.0,0.0,0.0,0.0,0.0,0.0,0.0,0.0,0.0,0.0,0.0,0.0,0.0,0.0,0.0,0.0,angry
0.4070048,0.00864781,0.01923289,0.5651145,0.9784909,0.021509008,0.96492,0.035079908,0.9364422,0.063557744,0.61245984,0.37525213,0.01228804,0.0,0.0,0.0,0.0,0.0,0.0,0.0,0.0,0.0,0.0,0.0,0.0,0.0,0.0,0.0,0.0,0.0,0.0,0.0,0.0,0.0,0.0,0.0,0.0,disappointed
0.9304204,0.036964044,0.015620382,0.016995378,0.8988868,0.10111307,0.49901772,0.5009822,0.6433704,0.35662964,0.31994978,0.58423984,0.09581039,0.0,0.0,0.0,0.0,0.0,0.0,0.0,0.0,0.0,0.0,0.0,0.0,0.0,0.0,0.0,0.0,0.0,0.0,0.0,0.0,0.0,0.0,0.0,0.0,disappointed
0.010918186,0.004195077,0.0046276054,0.98025924,0.98925424,0.010745862,0.9170741,0.08292596,0.816347,0.18365303,0.72055405,0.23537296,0.044073008,0.0,0.0,0.0,0.0,0.0,0.0,0.0,0.0,0.0,0.0,0.0,0.0,0.0,0.28040197,0.17653131,0.3512514,0.1918153,0.0,0.0,0.0,0.0,0.0,0.0,0.0,sad
0.90787035,0.0592264,0.009319931,0.023583435,0.9864115,0.0135885505,0.94913125,0.050868697,0.90591174,0.09408837,0.1158272,0.84296805,0.041204687,0.0,0.0,0.0,0.0,0.0,0.0,0.0,0.0,0.0,0.0,0.0,0.0,0.0,0.0,0.0,0.0,0.0,0.0,0.0,0.0,0.0,0.0,0.0,0.0,angry
0.00998221,0.965522,0.015694316,0.008801536,0.96364415,0.03635583,0.84577096,0.15422904,0.95897704,0.041022915,0.0008362678,0.018005064,0.98115873,0.052930653,0.86135864,0.04104475,0.04466581,0.9535175,0.04648259,0.8307399,0.1692601,0.8327979,0.16720213,0.10878141,0.8018703,0.08934834,0.00014278175,0.00010630764,0.99954647,0.00020439106,0.0,0.0,0.0,0.0,0.0,0.0,0.0,happy
0.96560603,0.0057158316,0.017268434,0.0114097595,0.8398667,0.16013326,0.45848057,0.5415195,0.43288648,0.5671136,0.94120073,0.054635752,0.0041635423,0.0,0.0,0.0,0.0,0.0,0.0,0.0,0.0,0.0,0.0,0.0,0.0,0.0,0.87316084,0.07276938,0.03897613,0.015093687,0.0,0.0,0.0,0.0,0.0,0.0,0.0,angry
0.98356456,0.004022501,0.006545304,0.0058679,0.9379234,0.06207664,0.95251036,0.04748968,0.39676598,0.6032341,0.9489896,0.04559295,0.005417512,0.0,0.0,0.0,0.0,0.0,0.0,0.0,0.0,0.0,0.0,0.0,0.0,0.0,0.0,0.0,0.0,0.0,0.0,0.0,0.0,0.0,0.0,0.0,0.0,angry
0.013645768,0.0063794116,0.025222221,0.9547526,0.9809256,0.019074243,0.26030627,0.73969376,0.89639604,0.103604086,0.16977632,0.5719216,0.25830206,0.0,0.0,0.0,0.0,0.0,0.0,0.0,0.0,0.0,0.0,0.0,0.0,0.0,0.0,0.0,0.0,0.0,0.0,0.0,0.0,0.0,0.0,0.0,0.0,sad
0.009113825,0.964836,0.014618447,0.0114315925,0.9773006,0.022699399,0.81894773,0.1810522,0.9770528,0.02294719,0.0011157135,0.006292841,0.9925913,0.0,0.0,0.0,0.0,0.0,0.0,0.0,0.0,0.0,0.0,0.0,0.0,0.0,0.0,0.0,0.0,0.0,0.0,0.0,0.0,0.0,0.0,0.0,0.0,happy
0.014081738,0.005976075,0.007798524,0.9721437,0.9596417,0.040358305,0.7939678,0.20603223,0.80033827,0.19966173,0.9161653,0.078504466,0.005330419,0.0,0.0,0.0,0.0,0.0,0.0,0.0,0.0,0.0,0.0,0.0,0.0,0.0,0.0,0.0,0.0,0.0,0.0,0.0,0.0,0.0,0.0,0.0,0.0,sad
0.036371637,0.0050114975,0.007935022,0.9506817,0.98278445,0.017215569,0.12218819,0.8778118,0.25827098,0.74172896,0.75572115,0.20359698,0.040681977,0.0,0.0,0.0,0.0,0.0,0.0,0.0,0.0,0.0,0.0,0.0,0.0,0.0,0.0,0.0,0.0,0.0,0.0,0.0,0.0,0.0,0.0,0.0,0.0,sad
0.03851367,0.93493044,0.018918462,0.0076372824,0.9761359,0.023864137,0.562652,0.437348,0.64732116,0.35267887,0.0032028055,0.023635954,0.9731613,0.10746922,0.6389207,0.075887114,0.17772298,0.8901367,0.10986334,0.5619745,0.43802547,0.76603514,0.23396488,0.20780163,0.5488918,0.24330665,0.0,0.0,0.0,0.0,0.0,0.0,0.0,0.0,0.0,0.0,0.0,disappointed
0.008898082,0.0055984366,0.006171856,0.9793316,0.98104763,0.018952347,0.62884176,0.3711583,0.79586536,0.20413461,0.894431,0.09828093,0.007288057,0.052773494,0.85432875,0.04011965,0.052778125,0.93927085,0.060729206,0.6498381,0.35016182,0.8244081,0.17559184,0.120758116,0.7020165,0.1772255,0.0,0.0,0.0,0.0,0.0,0.0,0.0,0.0,0.0,0.0,0.0,sad
0.23963583,0.007103685,0.039128102,0.7141324,0.967867,0.032132946,0.7040837,0.29591635,0.6123205,0.38767955,0.78104836,0.18726249,0.031689137,0.0,0.0,0.0,0.0,0.0,0.0,0.0,0.0,0.0,0.0,0.0,0.0,0.0,0.0,0.0,0.0,0.0,0.0,0.0,0.0,0.0,0.0,0.0,0.0,sad
0.006139372,0.008318278,0.011420968,0.9741214,0.92878383,0.07121614,0.95227295,0.0477271,0.86676884,0.1332312,0.5325179,0.37066293,0.096819066,0.0,0.0,0.0,0.0,0.0,0.0,0.0,0.0,0.0,0.0,0.0,0.0,0.0,0.0,0.0,0.0,0.0,0.0,0.0,0.0,0.0,0.0,0.0,0.0,sad
0.008770474,0.9510211,0.028450321,0.011758172,0.9655131,0.03448687,0.42561772,0.57438225,0.95567507,0.044324905,0.001289437,0.006134532,0.9925762,0.0,0.0,0.0,0.0,0.0,0.0,0.0,0.0,0.0,0.0,0.0,0.0,0.0,0.0,0.0,0.0,0.0,0.19666666666666666,0.0,0.12,0.4583333333333333,0.145,0.02666666666666667,0.051666666666666666,happy
0.9715677,0.0057431627,0.014510276,0.008178966,0.8858514,0.11414868,0.13641615,0.86358386,0.15996791,0.84003204,0.9517578,0.044354673,0.0038875844,0.0,0.0,0.0,0.0,0.0,0.0,0.0,0.0,0.0,0.0,0.0,0.0,0.0,0.0,0.0,0.0,0.0,0.0,0.0,0.0,0.0,0.0,0.0,0.0,angry
0.007749474,0.9613348,0.01987841,0.011037283,0.926784,0.073216006,0.92212963,0.07787035,0.9723675,0.027632484,0.0008453499,0.016093332,0.98306143,0.0,0.0,0.0,0.0,0.0,0.0,0.0,0.0,0.0,0.0,0.0,0.0,0.0,0.0027850338,0.0018428465,0.9928162,0.0025558332,0.0,0.0,0.0,0.0,0.0,0.0,0.0,happy
0.013306852,0.94741094,0.027596898,0.0116853705,0.86058223,0.13941781,0.88004416,0.11995589,0.9602655,0.039734427,0.0014043623,0.0104936855,0.988102,0.0,0.0,0.0,0.0,0.0,0.0,0.0,0.0,0.0,0.0,0.0,0.0,0.0,0.0,0.0,0.0,0.0,0.0,0.0,0.0,0.0,0.0,0.0,0.0,happy
0.012974332,0.63595355,0.021090321,0.32998174,0.98254335,0.017456733,0.9436774,0.05632255,0.9393104,0.060689576,0.0049602306,0.038069956,0.9569698,0.04595172,0.8592958,0.03443525,0.060317162,0.92557245,0.07442756,0.8385605,0.1614395,0.7260093,0.27399066,0.09726451,0.74017376,0.1625616,0.0,0.0,0.0,0.0,0.0,0.0,0.0,0.0,0.0,0.0,0.0,happy
0.9748335,0.0047116997,0.014748628,0.0057062786,0.9085443,0.09145566,0.729205,0.270795,0.6186313,0.3813687,0.74189824,0.23933835,0.018763524,0.0,0.0,0.0,0.0,0.0,0.0,0.0,0.0,0.0,0.0,0.0,0.0,0.0,0.72787976,0.15159287,0.07394185,0.046585575,0.0,0.0,0.0,0.0,0.0,0.0,0.0,disappointed
0.2648934,0.011407258,0.020922592,0.7027768,0.9788344,0.021165533,0.9710442,0.028955791,0.9054339,0.09456611,0.50612384,0.4826104,0.011265734,0.0,0.0,0.0,0.0,0.0,0.0,0.0,0.0,0.0,0.0,0.0,0.0,0.0,0.0,0.0,0.0,0.0,0.0,0.0,0.0,0.0,0.0,0.0,0.0,angry
0.06457932,0.5701016,0.3377581,0.027561063,0.9825534,0.017446613,0.54736507,0.452635,0.9422637,0.057736248,0.008180019,0.24013312,0.75168675,0.0,0.0,0.0,0.0,0.0,0.0,0.0,0.0,0.0,0.0,0.0,0.0,0.0,0.4574763,0.22077593,0.20264368,0.11910411,0.0,0.0,0.0,0.0,0.0,0.0,0.0,disappointed
0.008141723,0.96789825,0.013162301,0.010797872,0.9569261,0.04307393,0.9271166,0.07288347,0.9697797,0.030220302,0.0013361062,0.005756721,0.99290705,0.0,0.0,0.0,0.0,0.0,0.0,0.0,0.0,0.0,0.0,0.0,0.0,0.0,0.016085584,0.01271727,0.9427242,0.028472925,0.0,0.0,0.0,0.0,0.0,0.0,0.0,happy
0.01040005,0.95043534,0.026656551,0.012508024,0.9049388,0.09506118,0.83676416,0.16323578,0.9583337,0.041666307,0.0011748661,0.021849949,0.97697526,0.0,0.0,0.0,0.0,0.0,0.0,0.0,0.0,0.0,0.0,0.0,0.0,0.0,0.0,0.0,0.0,0.0,0.0,0.0,0.0,0.0,0.0,0.0,0.0,happy
0.01910675,0.86667603,0.10093357,0.013283713,0.98375005,0.0162498,0.5046246,0.4953754,0.96186554,0.038134318,0.0021220057,0.021931812,0.97594625,0.0,0.0,0.0,0.0,0.0,0.0,0.0,0.0,0.0,0.0,0.0,0.0,0.0,0.0,0.0,0.0,0.0,0.0,0.0,0.0,0.0,0.0,0.0,0.0,happy
0.96936285,0.0038950825,0.01052473,0.01621732,0.9871343,0.012865712,0.33040768,0.6695923,0.55854934,0.4414507,0.87890697,0.113499835,0.007593232,0.0,0.0,0.0,0.0,0.0,0.0,0.0,0.0,0.0,0.0,0.0,0.0,0.0,0.0,0.0,0.0,0.0,0.0,0.0,0.0,0.0,0.0,0.0,0.0,angry
0.9570298,0.0039192094,0.029095242,0.00995577,0.9573744,0.042625584,0.51414055,0.4858595,0.8317648,0.16823518,0.44936293,0.52797705,0.022660071,0.0,0.0,0.0,0.0,0.0,0.0,0.0,0.0,0.0,0.0,0.0,0.0,0.0,0.0,0.0,0.0,0.0,0.0,0.0,0.0,0.0,0.0,0.0,0.0,disappointed
0.008086516,0.9663879,0.015961973,0.009563694,0.9707083,0.029291708,0.9578462,0.042153858,0.97040576,0.029594215,0.00088473456,0.0073703346,0.99174494,0.0,0.0,0.0,0.0,0.0,0.0,0.0,0.0,0.0,0.0,0.0,0.0,0.0,5.5386852e-05,2.8775812e-05,0.99986374,5.208634e-05,0.0,0.0,0.0,0.0,0.0,0.0,0.0,happy
0.026100282,0.76605165,0.06877138,0.13907667,0.98379606,0.016203977,0.92355704,0.076443076,0.91829383,0.081706166,0.023034187,0.4738547,0.5031112,0.0,0.0,0.0,0.0,0.0,0.0,0.0,0.0,0.0,0.0,0.0,0.0,0.0,0.0,0.0,0.0,0.0,0.0,0.0,0.0,0.0,0.0,0.0,0.0,happy
0.96838206,0.0062041627,0.009684977,0.01572872,0.8493033,0.15069662,0.2583674,0.74163264,0.62932056,0.37067947,0.8703231,0.12613349,0.0035432542,0.0,0.0,0.0,0.0,0.0,0.0,0.0,0.0,0.0,0.0,0.0,0.0,0.0,0.0,0.0,0.0,0.0,0.0,0.0,0.0,0.0,0.0,0.0,0.0,disappointed
0.9739797,0.006169758,0.0075098732,0.012340728,0.97696,0.023040008,0.90562254,0.094377495,0.8015472,0.19845271,0.9217131,0.07098355,0.0073033706,0.1420467,0.54415715,0.15505886,0.15873733,0.9374978,0.062502176,0.5808776,0.41912243,0.7566663,0.24333368,0.1475529,0.72513187,0.1273153,0.20682304,0.0686915,0.6726491,0.051836416,0.0,0.0,0.0,0.0,0.0,0.0,0.0,angry
0.899331,0.05303255,0.036411937,0.011224612,0.7745919,0.22540812,0.7956172,0.2043827,0.8746632,0.12533683,0.2391155,0.6041984,0.15668613,0.0,0.0,0.0,0.0,0.0,0.0,0.0,0.0,0.0,0.0,0.0,0.0,0.0,0.62115467,0.20016207,0.11564642,0.06303688,0.0,0.0,0.0,0.0,0.0,0.0,0.0,disappointed
0.022188338,0.95062774,0.015377535,0.011806247,0.9546399,0.04536012,0.86803985,0.13196012,0.82206327,0.17793678,0.0036010332,0.13355923,0.86283976,0.0,0.0,0.0,0.0,0.0,0.0,0.0,0.0,0.0,0.0,0.0,0.0,0.0,0.0,0.0,0.0,0.0,0.0,0.0,0.0,0.0,0.0,0.0,0.0,angry
0.0069330656,0.005235247,0.0031078423,0.9847239,0.9739131,0.02608703,0.89944386,0.10055605,0.76555514,0.23444487,0.9603175,0.036750466,0.0029320675,0.0,0.0,0.0,0.0,0.0,0.0,0.0,0.0,0.0,0.0,0.0,0.0,0.0,0.0,0.0,0.0,0.0,0.0,0.0,0.0,0.0,0.0,0.0,0.0,sad
0.88655037,0.0070506893,0.019961698,0.08643731,0.74141043,0.25858954,0.6159401,0.38405994,0.4727426,0.52725744,0.8256447,0.15362847,0.020726923,0.0,0.0,0.0,0.0,0.0,0.0,0.0,0.0,0.0,0.0,0.0,0.0,0.0,0.0,0.0,0.0,0.0,0.0,0.0,0.0,0.0,0.0,0.0,0.0,angry
0.97037405,0.010608784,0.004230194,0.014786781,0.92363125,0.07636879,0.24131303,0.758687,0.7504721,0.24952787,0.76890576,0.20512079,0.025973447,0.0,0.0,0.0,0.0,0.0,0.0,0.0,0.0,0.0,0.0,0.0,0.0,0.0,0.0,0.0,0.0,0.0,0.0,0.0,0.0,0.0,0.0,0.0,0.0,angry
0.032491364,0.07288664,0.0348077,0.8598143,0.9816742,0.018325703,0.643282,0.35671794,0.85908425,0.14091578,0.12993614,0.52899677,0.34106714,0.0,0.0,0.0,0.0,0.0,0.0,0.0,0.0,0.0,0.0,0.0,0.0,0.0,0.0,0.0,0.0,0.0,0.0,0.0,0.0,0.0,0.0,0.0,0.0,sad
0.011966246,0.9609333,0.020023692,0.0070767966,0.98149484,0.018505152,0.7193027,0.2806973,0.9705624,0.02943754,0.0010989173,0.006920392,0.99198043,0.2101707,0.41410166,0.26556015,0.110167556,0.8240314,0.17596863,0.46242276,0.5375772,0.70961577,0.29038414,0.12685472,0.5421823,0.33096305,0.20682304,0.0686915,0.6726491,0.051836416,0.0,0.0,0.0,0.0,0.0,0.0,0.0,happy
0.006656752,0.014404737,0.005379029,0.9735595,0.97766054,0.022339497,0.22289056,0.7771095,0.44701457,0.5529854,0.52595407,0.43965924,0.034386773,0.0,0.0,0.0,0.0,0.0,0.0,0.0,0.0,0.0,0.0,0.0,0.0,0.0,0.0,0.0,0.0,0.0,0.0,0.0,0.0,0.0,0.0,0.0,0.0,sad
0.953981,0.0056518377,0.030531313,0.009835842,0.8864122,0.11358777,0.66955614,0.3304438,0.78389025,0.21610974,0.3462134,0.57608616,0.0777004,0.0,0.0,0.0,0.0,0.0,0.0,0.0,0.0,0.0,0.0,0.0,0.0,0.0,0.0,0.0,0.0,0.0,0.0,0.0,0.0,0.0,0.0,0.0,0.0,disappointed
0.00849818,0.92439604,0.052025747,0.015079977,0.97331834,0.026681533,0.9127459,0.0872541,0.9582641,0.041735984,0.0007542257,0.023804033,0.9754417,0.017645393,0.5267506,0.41377124,0.041832834,0.9825195,0.017480489,0.8505172,0.14948276,0.93996555,0.060034398,0.0013988272,0.04582445,0.95277673,0.00010788379,7.082414e-05,0.9997098,0.00011156748,0.47,0.0,0.12,0.03,0.15,0.05,0.17,happy
0.009653357,0.968628,0.01355265,0.008166145,0.97218925,0.027810764,0.91148746,0.0885126,0.97623503,0.02376499,0.0013004532,0.0054208427,0.9932788,0.0,0.0,0.0,0.0,0.0,0.0,0.0,0.0,0.0,0.0,0.0,0.0,0.0,0.008752188,0.0042004655,0.9814647,0.005582732,0.0,0.0,0.0,0.0,0.0,0.0,0.0,happy
0.9570298,0.0039192038,0.029095186,0.009955761,0.9573744,0.042625647,0.5141408,0.48585922,0.83176476,0.1682352,0.44936293,0.52797705,0.022660082,0.0,0.0,0.0,0.0,0.0,0.0,0.0,0.0,0.0,0.0,0.0,0.0,0.0,0.0,0.0,0.0,0.0,0.0,0.0,0.0,0.0,0.0,0.0,0.0,angry
0.9570298,0.0039192038,0.029095186,0.009955761,0.9573744,0.042625617,0.5141407,0.48585925,0.8317648,0.1682352,0.44936287,0.52797705,0.022660082,0.0,0.0,0.0,0.0,0.0,0.0,0.0,0.0,0.0,0.0,0.0,0.0,0.0,0.0,0.0,0.0,0.0,0.0,0.0,0.0,0.0,0.0,0.0,0.0,angry
0.949375,0.006194107,0.016762331,0.027668418,0.96925324,0.030746859,0.53412545,0.4658746,0.72870773,0.2712922,0.8065002,0.17521033,0.018289544,0.0,0.0,0.0,0.0,0.0,0.0,0.0,0.0,0.0,0.0,0.0,0.0,0.0,0.0,0.0,0.0,0.0,0.0,0.0,0.0,0.0,0.0,0.0,0.0,disappointed
0.981307,0.0031344346,0.007490182,0.008068359,0.95346737,0.046532575,0.56750417,0.43249586,0.8851273,0.11487273,0.81750053,0.17098786,0.011511636,0.0,0.0,0.0,0.0,0.0,0.0,0.0,0.0,0.0,0.0,0.0,0.0,0.0,0.0,0.0,0.0,0.0,0.0,0.0,0.0,0.0,0.0,0.0,0.0,angry
0.9621851,0.008717194,0.02048721,0.00861058,0.97310627,0.0268938,0.37721482,0.6227852,0.7268151,0.2731849,0.77450645,0.20418876,0.021304786,0.0,0.0,0.0,0.0,0.0,0.0,0.0,0.0,0.0,0.0,0.0,0.0,0.0,0.0,0.0,0.0,0.0,0.0,0.0,0.0,0.0,0.0,0.0,0.0,angry
0.9312484,0.005536261,0.045172926,0.018042484,0.89646155,0.10353855,0.5916231,0.40837684,0.7389105,0.2610896,0.6481114,0.3112727,0.04061587,0.0,0.0,0.0,0.0,0.0,0.0,0.0,0.0,0.0,0.0,0.0,0.0,0.0,0.0,0.0,0.0,0.0,0.0,0.0,0.0,0.0,0.0,0.0,0.0,angry
0.9570298,0.0039192056,0.029095214,0.009955766,0.9573744,0.042625636,0.51414037,0.48585966,0.8317648,0.16823517,0.44936287,0.52797705,0.022660088,0.0,0.0,0.0,0.0,0.0,0.0,0.0,0.0,0.0,0.0,0.0,0.0,0.0,0.0,0.0,0.0,0.0,0.0,0.0,0.0,0.0,0.0,0.0,0.0,disappointed
0.009158588,0.9603814,0.020148909,0.010311192,0.92278934,0.07721073,0.9452409,0.05475905,0.9153327,0.0846674,0.0011888284,0.029171668,0.96963954,0.0,0.0,0.0,0.0,0.0,0.0,0.0,0.0,0.0,0.0,0.0,0.0,0.0,0.0,0.0,0.0,0.0,0.0,0.0,0.0,0.0,0.0,0.0,0.0,happy
0.011399879,0.13307256,0.028534548,0.826993,0.97834533,0.021654665,0.47062555,0.5293744,0.82003933,0.17996067,0.07775418,0.51001984,0.41222593,0.0,0.0,0.0,0.0,0.0,0.0,0.0,0.0,0.0,0.0,0.0,0.0,0.0,0.0,0.0,0.0,0.0,0.0,0.0,0.0,0.0,0.0,0.0,0.0,sad
0.949375,0.006194107,0.016762331,0.027668418,0.96925324,0.030746859,0.5341254,0.46587455,0.72870773,0.2712922,0.8065002,0.17521031,0.018289536,0.0,0.0,0.0,0.0,0.0,0.0,0.0,0.0,0.0,0.0,0.0,0.0,0.0,0.0,0.0,0.0,0.0,0.0,0.0,0.0,0.0,0.0,0.0,0.0,angry
0.9748335,0.0047117043,0.014748636,0.0057062786,0.9085444,0.091455616,0.7292051,0.27079493,0.6186314,0.38136858,0.74189824,0.2393382,0.018763509,0.0,0.0,0.0,0.0,0.0,0.0,0.0,0.0,0.0,0.0,0.0,0.0,0.0,0.72787976,0.15159287,0.07394185,0.046585575,0.0,0.0,0.0,0.0,0.0,0.0,0.0,angry
0.022401627,0.2690752,0.42066106,0.287862,0.9822503,0.017749704,0.9205078,0.0794922,0.9329093,0.067090705,0.021698326,0.17870466,0.79959697,0.0,0.0,0.0,0.0,0.0,0.0,0.0,0.0,0.0,0.0,0.0,0.0,0.0,0.0,0.0,0.0,0.0,0.0,0.0,0.0,0.0,0.0,0.0,0.0,happy
0.01691258,0.7954851,0.16282998,0.02477228,0.9786103,0.021389721,0.91989917,0.08010092,0.94554275,0.054457247,0.0018555438,0.02743811,0.97070634,0.0,0.0,0.0,0.0,0.0,0.0,0.0,0.0,0.0,0.0,0.0,0.0,0.0,0.0,0.0,0.0,0.0,0.0,0.0,0.0,0.0,0.0,0.0,0.0,happy
0.98103195,0.00763788,0.0063162083,0.0050140526,0.9295322,0.07046784,0.96456164,0.035438422,0.76602155,0.23397847,0.4266269,0.51971436,0.05365872,0.0,0.0,0.0,0.0,0.0,0.0,0.0,0.0,0.0,0.0,0.0,0.0,0.0,0.0,0.0,0.0,0.0,0.0,0.0,0.0,0.0,0.0,0.0,0.0,angry
0.01910675,0.86667603,0.10093357,0.013283713,0.98375005,0.0162498,0.5046246,0.4953754,0.96186554,0.038134318,0.0021220057,0.021931812,0.97594625,0.0,0.0,0.0,0.0,0.0,0.0,0.0,0.0,0.0,0.0,0.0,0.0,0.0,0.0,0.0,0.0,0.0,0.0,0.0,0.0,0.0,0.0,0.0,0.0,happy
0.97483325,0.004711702,0.014748636,0.005706281,0.9085443,0.091455705,0.72920513,0.2707949,0.61863154,0.3813685,0.74189824,0.2393383,0.018763509,0.0,0.0,0.0,0.0,0.0,0.0,0.0,0.0,0.0,0.0,0.0,0.0,0.0,0.72787976,0.15159287,0.07394185,0.046585575,0.0,0.0,0.0,0.0,0.0,0.0,0.0,angry
0.10433944,0.7524924,0.0411217,0.10204628,0.98349327,0.01650665,0.9403443,0.059655808,0.91286176,0.0871383,0.37918928,0.29068115,0.3301295,0.0,0.0,0.0,0.0,0.0,0.0,0.0,0.0,0.0,0.0,0.0,0.0,0.0,0.0,0.0,0.0,0.0,0.115,0.0,0.015,0.5599999999999999,0.125,0.005,0.185,disappointed
0.008459213,0.96549344,0.015257036,0.01079044,0.98784596,0.012154056,0.8695556,0.1304444,0.9531085,0.046891544,0.00095318974,0.0075696977,0.9914773,0.02395445,0.8569385,0.06303794,0.056069188,0.9736592,0.026340736,0.9016774,0.09832257,0.81996375,0.18003626,0.04414977,0.8857137,0.07013665,0.0,0.0,0.0,0.0,0.0,0.0,0.0,0.98,0.0,0.0,0.02,happy
0.012052608,0.95601404,0.021698337,0.010235058,0.9463407,0.053659335,0.8308018,0.16919819,0.91083455,0.08916558,0.0008430852,0.025948243,0.9732086,0.0,0.0,0.0,0.0,0.0,0.0,0.0,0.0,0.0,0.0,0.0,0.0,0.0,0.0,0.0,0.0,0.0,0.0,0.0,0.0,0.0,0.0,0.0,0.0,happy
0.9827774,0.004094636,0.005258199,0.007869822,0.9487552,0.051244777,0.8746171,0.1253828,0.89751107,0.10248904,0.5221241,0.44804353,0.029832313,0.0,0.0,0.0,0.0,0.0,0.0,0.0,0.0,0.0,0.0,0.0,0.0,0.0,0.0,0.0,0.0,0.0,0.0,0.0,0.0,0.0,0.0,0.0,0.0,angry
0.9779839,0.006863333,0.008274726,0.006877984,0.67386156,0.32613844,0.80823845,0.1917616,0.5954059,0.40459412,0.97101283,0.02619346,0.0027937456,0.0,0.0,0.0,0.0,0.0,0.0,0.0,0.0,0.0,0.0,0.0,0.0,0.0,0.0,0.0,0.0,0.0,0.0,0.0,0.0,0.0,0.0,0.0,0.0,angry
0.005189582,0.008041953,0.0072876187,0.9794808,0.9620207,0.037979253,0.9131818,0.08681826,0.75080293,0.24919705,0.7837943,0.19830392,0.017901914,0.0,0.0,0.0,0.0,0.0,0.0,0.0,0.0,0.0,0.0,0.0,0.0,0.0,0.0,0.0,0.0,0.0,0.0,0.0,0.0,0.0,0.0,0.0,0.0,sad
0.899331,0.05303255,0.036411937,0.011224612,0.7745919,0.22540812,0.7956173,0.2043827,0.8746632,0.1253368,0.23911548,0.60419834,0.15668611,0.0,0.0,0.0,0.0,0.0,0.0,0.0,0.0,0.0,0.0,0.0,0.0,0.0,0.62115467,0.20016207,0.11564642,0.06303688,0.0,0.0,0.0,0.0,0.0,0.0,0.0,angry
0.96872985,0.0042219195,0.010802302,0.016246019,0.94013745,0.059862483,0.41442314,0.58557683,0.7875182,0.21248178,0.63976157,0.32464594,0.03559253,0.0,0.0,0.0,0.0,0.0,0.0,0.0,0.0,0.0,0.0,0.0,0.0,0.0,0.0,0.0,0.0,0.0,0.0,0.0,0.0,0.0,0.0,0.0,0.0,angry
0.97922444,0.009358287,0.004868127,0.0065491158,0.9706184,0.029381642,0.5387562,0.4612439,0.56685823,0.4331417,0.8566392,0.1271894,0.016171442,0.0,0.0,0.0,0.0,0.0,0.0,0.0,0.0,0.0,0.0,0.0,0.0,0.0,0.0,0.0,0.0,0.0,0.0,0.0,0.0,0.0,0.0,0.0,0.0,angry
0.011733943,0.9177354,0.057166792,0.013363929,0.97796893,0.022031032,0.94449526,0.055504713,0.9707614,0.029238505,0.00094666035,0.007073507,0.99197996,0.0,0.0,0.0,0.0,0.0,0.0,0.0,0.0,0.0,0.0,0.0,0.0,0.0,0.0,0.0,0.0,0.0,0.0,0.0,0.0,0.0,0.0,0.0,0.0,happy
0.009153572,0.95955694,0.020785604,0.010503909,0.94845265,0.05154736,0.94472265,0.055277314,0.9525653,0.04743474,0.0009900103,0.021687238,0.9773226,0.0,0.0,0.0,0.0,0.0,0.0,0.0,0.0,0.0,0.0,0.0,0.0,0.0,0.0,0.0,0.0,0.0,0.0,0.0,0.0,0.0,0.0,0.0,0.0,happy
0.012125355,0.9520041,0.024645481,0.011225077,0.9024439,0.09755612,0.9497997,0.050200347,0.9640593,0.035940703,0.001367165,0.010234575,0.9883982,0.0,0.0,0.0,0.0,0.0,0.0,0.0,0.0,0.0,0.0,0.0,0.0,0.0,0.027550898,0.01714784,0.9338028,0.02149854,0.0,0.0,0.0,0.0,0.0,0.0,0.0,happy
0.9731847,0.00526017,0.012195895,0.009359219,0.8039135,0.19608653,0.9089445,0.09105546,0.37167507,0.6283249,0.9797424,0.01785707,0.002400462,0.0,0.0,0.0,0.0,0.0,0.0,0.0,0.0,0.0,0.0,0.0,0.0,0.0,0.0,0.0,0.0,0.0,0.0,0.0,0.0,0.0,0.0,0.0,0.0,angry
0.009066613,0.95318145,0.028222438,0.00952953,0.97351676,0.0264832,0.88709277,0.11290722,0.9629174,0.03708266,0.0009619478,0.0069269985,0.992111,0.078371406,0.78322977,0.060065005,0.07833388,0.90842086,0.0915792,0.5751496,0.42485034,0.7283928,0.2716072,0.14461812,0.69301015,0.16237175,0.04038243,0.026241852,0.90343004,0.029945737,0.0,0.0,0.0,0.0,0.0,0.0,0.0,happy
0.009450363,0.96315134,0.01843528,0.008963022,0.98255485,0.017445033,0.8082942,0.19170587,0.9495847,0.050415203,0.00078435853,0.014907524,0.98430794,0.010215477,0.9591002,0.016490199,0.014194145,0.9861573,0.013842666,0.49591583,0.50408417,0.8896825,0.11031756,0.0030416742,0.3396296,0.65732867,0.027550898,0.01714784,0.9338028,0.02149854,0.05,0.01,0.14600000000000002,0.3,0.21600000000000003,0.036,0.23399999999999999,happy
0.03903177,0.018516734,0.052237216,0.8902144,0.9866126,0.013387298,0.90965754,0.090342425,0.88718873,0.112811245,0.60526884,0.35782456,0.036906525,0.0,0.0,0.0,0.0,0.0,0.0,0.0,0.0,0.0,0.0,0.0,0.0,0.0,0.0,0.0,0.0,0.0,0.0,0.0,0.0,0.0,0.0,0.0,0.0,happy
0.0146268355,0.92938656,0.044425085,0.0115616685,0.98689824,0.01310163,0.7502663,0.2497337,0.97236055,0.027639482,0.0010964228,0.008793834,0.99010956,0.7698824,0.013217686,0.06851269,0.14838707,0.84675354,0.15324646,0.3034212,0.69657874,0.8707259,0.12927411,0.07332407,0.8459106,0.08076535,0.0,0.0,0.0,0.0,0.0,0.0,0.0,0.0,0.0,0.0,0.0,happy
0.9832579,0.0044683437,0.007550487,0.0047233882,0.98950475,0.010495172,0.8656919,0.13430816,0.82904506,0.1709549,0.26873142,0.5437682,0.18750034,0.033737328,0.8830349,0.046059884,0.037167974,0.90862966,0.0913704,0.5780144,0.42198557,0.7717506,0.22824943,0.035122663,0.7263049,0.23857251,0.0,0.0,0.0,0.0,0.0,0.0,0.0,0.0,0.0,0.0,0.0,disappointed
0.9748335,0.0047116997,0.014748628,0.0057062786,0.9085443,0.09145566,0.729205,0.270795,0.6186313,0.3813687,0.74189824,0.23933835,0.018763524,0.0,0.0,0.0,0.0,0.0,0.0,0.0,0.0,0.0,0.0,0.0,0.0,0.0,0.72787976,0.15159287,0.07394185,0.046585575,0.0,0.0,0.0,0.0,0.0,0.0,0.0,angry
0.0066073206,0.0053926813,0.0086797485,0.97932017,0.7500703,0.24992974,0.9382648,0.061735176,0.83389527,0.16610481,0.6857291,0.28764716,0.026623726,0.0,0.0,0.0,0.0,0.0,0.0,0.0,0.0,0.0,0.0,0.0,0.0,0.0,0.25323972,0.17508087,0.3640472,0.20763215,0.0,0.0,0.0,0.0,0.0,0.0,0.0,sad
0.039947942,0.63028353,0.2269197,0.10284872,0.98666036,0.013339584,0.8281713,0.17182863,0.9588064,0.04119355,0.020747337,0.16453496,0.81471777,0.018613532,0.93328416,0.02747625,0.020626057,0.9774469,0.022553105,0.9561998,0.04380017,0.8843491,0.1156509,0.017144438,0.75750864,0.22534694,0.046658013,0.012483177,0.92752016,0.013338635,0.0,0.0,0.0,0.0,0.0,0.0,0.0,angry
0.60198796,0.16403604,0.09863934,0.13533658,0.98300767,0.016992355,0.25542676,0.7445732,0.88656306,0.113436915,0.15472797,0.4725536,0.3727183,0.056516208,0.8654159,0.031815473,0.046252593,0.97303075,0.026969286,0.456795,0.54320496,0.84297127,0.15702872,0.12031696,0.80175227,0.07793076,0.0,0.0,0.0,0.0,0.0,0.0,0.0,0.0,0.0,0.0,0.0,disappointed
0.9748335,0.0047116997,0.014748628,0.0057062786,0.9085443,0.09145566,0.729205,0.270795,0.6186313,0.3813687,0.74189824,0.23933835,0.018763524,0.0,0.0,0.0,0.0,0.0,0.0,0.0,0.0,0.0,0.0,0.0,0.0,0.0,0.72787976,0.15159287,0.07394185,0.046585575,0.0,0.0,0.0,0.0,0.0,0.0,0.0,angry
0.4504736,0.011138695,0.50728476,0.031102855,0.9525158,0.04748428,0.5869908,0.4130092,0.8273444,0.17265558,0.36865875,0.5882335,0.043107696,0.0,0.0,0.0,0.0,0.0,0.0,0.0,0.0,0.0,0.0,0.0,0.0,0.0,0.0,0.0,0.0,0.0,0.0,0.0,0.0,0.0,0.0,0.0,0.0,angry
0.98211735,0.008255938,0.004679489,0.004947397,0.9553146,0.044685353,0.059058238,0.9409418,0.6764629,0.3235372,0.8423543,0.14561304,0.012032613,0.0,0.0,0.0,0.0,0.0,0.0,0.0,0.0,0.0,0.0,0.0,0.0,0.0,0.0,0.0,0.0,0.0,0.0,0.0,0.0,0.0,0.0,0.0,0.0,angry
0.013492193,0.9501499,0.024145393,0.012212539,0.8904519,0.109548084,0.74930596,0.25069407,0.95510924,0.04489076,0.0012610852,0.01186936,0.9868695,0.0,0.0,0.0,0.0,0.0,0.0,0.0,0.0,0.0,0.0,0.0,0.0,0.0,0.0,0.0,0.0,0.0,0.0,0.0,0.0,0.0,0.0,0.0,0.0,happy
0.44508803,0.50023615,0.025831968,0.02884377,0.96646684,0.033533152,0.75346017,0.2465398,0.752016,0.24798402,0.03713442,0.49177408,0.47109142,0.19291183,0.50711095,0.06608915,0.2338881,0.9378723,0.06212772,0.7262426,0.2737573,0.799513,0.200487,0.1859509,0.6535066,0.16054244,0.4463907,0.1281732,0.33463997,0.09079616,0.0,0.0,0.0,0.0,0.0,0.0,0.0,angry
0.93467927,0.029901585,0.013491087,0.02192808,0.95344055,0.046559498,0.5463385,0.45366153,0.43468627,0.56531376,0.2171567,0.6447046,0.13813874,0.0,0.0,0.0,0.0,0.0,0.0,0.0,0.0,0.0,0.0,0.0,0.0,0.0,0.0,0.0,0.0,0.0,0.0,0.0,0.0,0.0,0.0,0.0,0.0,disappointed
0.9521979,0.004884871,0.0088047255,0.034112487,0.9314756,0.06852442,0.9542994,0.045700625,0.60549545,0.39450458,0.9133804,0.07981715,0.0068025254,0.0,0.0,0.0,0.0,0.0,0.0,0.0,0.0,0.0,0.0,0.0,0.0,0.0,0.0,0.0,0.0,0.0,0.0,0.0,0.0,0.0,0.0,0.0,0.0,sad
0.9460686,0.0037101798,0.010904087,0.039317217,0.9891561,0.010843981,0.88378286,0.11621717,0.67918885,0.32081112,0.92994094,0.06318808,0.0068709888,0.0,0.0,0.0,0.0,0.0,0.0,0.0,0.0,0.0,0.0,0.0,0.0,0.0,0.0,0.0,0.0,0.0,0.0,0.0,0.0,0.0,0.0,0.0,0.0,disappointed
0.65106577,0.019260101,0.30194288,0.02773131,0.965749,0.034250963,0.9249614,0.07503856,0.8869057,0.11309428,0.09686869,0.5855677,0.3175636,0.19291195,0.50711066,0.06608918,0.23388822,0.9378723,0.062127706,0.7262426,0.27375734,0.79951286,0.2004871,0.1859509,0.6535068,0.16054237,0.0,0.0,0.0,0.0,0.0,0.0,0.0,0.0,0.0,0.0,0.0,angry
0.070184626,0.811006,0.08120694,0.037602276,0.9701427,0.029857302,0.3906712,0.60932875,0.9386414,0.061358456,0.0041051973,0.09982139,0.89607346,0.0,0.0,0.0,0.0,0.0,0.0,0.0,0.0,0.0,0.0,0.0,0.0,0.0,0.0,0.0,0.0,0.0,0.0,0.0,0.0,0.0,0.0,0.0,0.0,happy
0.011966246,0.9609333,0.020023692,0.0070767966,0.98149484,0.018505149,0.71930265,0.2806973,0.9705624,0.02943754,0.0010989167,0.006920389,0.99198043,0.2101707,0.4141016,0.26556003,0.11016763,0.8240313,0.17596874,0.46242276,0.5375772,0.70961577,0.29038414,0.12685472,0.5421823,0.33096302,0.20682304,0.0686915,0.6726491,0.051836416,0.0,0.0,0.0,0.0,0.0,0.0,0.0,happy
0.010429375,0.0066638566,0.0059826267,0.976924,0.95250434,0.047495693,0.91496766,0.085032426,0.71445197,0.28554803,0.89423466,0.09903638,0.006728928,0.0,0.0,0.0,0.0,0.0,0.0,0.0,0.0,0.0,0.0,0.0,0.0,0.0,0.0,0.0,0.0,0.0,0.0,0.0,0.0,0.0,0.0,0.0,0.0,sad
0.9840651,0.005607277,0.004997976,0.005329593,0.9266297,0.073370166,0.9510834,0.04891661,0.14080791,0.859192,0.9666781,0.028898686,0.004423384,0.19291195,0.50711066,0.06608918,0.23388822,0.9378723,0.062127706,0.7262426,0.27375734,0.79951286,0.2004871,0.1859509,0.6535068,0.16054237,0.5295016,0.25433475,0.13071983,0.085443765,0.0,0.0,0.0,0.0,0.0,0.0,0.0,disappointed
0.9776298,0.0036577326,0.010502546,0.008210089,0.97252285,0.02747714,0.7335535,0.26644656,0.78720236,0.2127976,0.96465796,0.032466847,0.0028750573,0.0,0.0,0.0,0.0,0.0,0.0,0.0,0.0,0.0,0.0,0.0,0.0,0.0,0.0,0.0,0.0,0.0,0.0,0.0,0.0,0.0,0.0,0.0,0.0,disappointed
0.9341987,0.043958936,0.008727763,0.013114493,0.8537664,0.14623366,0.45095044,0.5490496,0.79941726,0.20058282,0.26649886,0.39851922,0.3349819,0.0,0.0,0.0,0.0,0.0,0.0,0.0,0.0,0.0,0.0,0.0,0.0,0.0,0.0,0.0,0.0,0.0,0.0,0.0,0.0,0.0,0.0,0.0,0.0,happy
0.08425951,0.810976,0.036413223,0.068351164,0.9775499,0.022450129,0.84408593,0.15591408,0.8597431,0.14025685,0.015182192,0.31145605,0.6733617,0.53167117,0.13099729,0.043310035,0.29402146,0.90713155,0.09286846,0.7572249,0.24277511,0.7461984,0.25380158,0.25236517,0.5999445,0.14769039,0.0,0.0,0.0,0.0,0.05,0.0,0.14,0.43,0.17,0.06,0.15,angry
0.010380915,0.9637787,0.01632164,0.009518898,0.95287806,0.047121886,0.9671804,0.03281966,0.9646286,0.03537138,0.0010573164,0.0121974135,0.9867453,0.0,0.0,0.0,0.0,0.0,0.0,0.0,0.0,0.0,0.0,0.0,0.0,0.0,0.0,0.0,0.0,0.0,0.0,0.0,0.0,0.0,0.0,0.0,0.0,happy
0.019605506,0.88784677,0.07085164,0.021695977,0.97866744,0.021332538,0.93635106,0.063648924,0.9560063,0.043993767,0.0034444043,0.23520206,0.7613536,0.05232043,0.8348049,0.028941263,0.08393352,0.96192807,0.038071964,0.8144785,0.18552136,0.8868117,0.113188446,0.08108308,0.8166306,0.102286234,0.0,0.0,0.0,0.0,0.115,0.01,0.030000000000000002,0.25,0.09,0.015,0.49,happy
0.0114730075,0.006221998,0.014988938,0.967316,0.96557045,0.034429546,0.91176105,0.08823887,0.9414085,0.058591463,0.059396885,0.30711785,0.63348526,0.0,0.0,0.0,0.0,0.0,0.0,0.0,0.0,0.0,0.0,0.0,0.0,0.0,0.2380431,0.16083634,0.31940696,0.28171358,0.20333333333333334,0.0,0.03,0.7066666666666667,0.01,0.013333333333333334,0.03333333333333333,sad
0.89607966,0.0058536055,0.011463886,0.08660281,0.97499406,0.025005948,0.94508445,0.054915592,0.52407277,0.47592723,0.96463865,0.03268351,0.0026778528,0.0,0.0,0.0,0.0,0.0,0.0,0.0,0.0,0.0,0.0,0.0,0.0,0.0,0.0,0.0,0.0,0.0,0.0,0.0,0.0,0.0,0.0,0.0,0.0,angry
0.00851088,0.96595097,0.013212241,0.012326084,0.97414947,0.025850432,0.8498652,0.1501348,0.97791576,0.022084188,0.0014395571,0.0069660614,0.99159455,0.0,0.0,0.0,0.0,0.0,0.0,0.0,0.0,0.0,0.0,0.0,0.0,0.0,0.0,0.0,0.0,0.0,0.0,0.0,0.0,0.0,0.0,0.0,0.0,happy
0.97911495,0.0041305623,0.0093101505,0.0074442606,0.9756453,0.024354752,0.9251492,0.074850835,0.8686673,0.13133274,0.8299441,0.1472421,0.022813901,0.20988613,0.027620286,0.04694958,0.7155441,0.93837774,0.061622255,0.7585278,0.24147217,0.79349464,0.20650533,0.20147397,0.6463945,0.15213153,0.0,0.0,0.0,0.0,0.0,0.0,0.0,0.0,0.0,0.0,0.0,angry
0.3739713,0.02634596,0.014835795,0.584847,0.979916,0.02008397,0.8151834,0.18481661,0.7532261,0.24677385,0.77530485,0.20183904,0.022856077,0.0,0.0,0.0,0.0,0.0,0.0,0.0,0.0,0.0,0.0,0.0,0.0,0.0,0.0,0.0,0.0,0.0,0.02,0.0,0.11,0.27,0.09,0.02,0.49,disappointed
0.009535343,0.9647645,0.014779041,0.010921232,0.9222037,0.07779623,0.9399244,0.060075633,0.9738839,0.026116025,0.001179425,0.007962239,0.99085814,0.0,0.0,0.0,0.0,0.0,0.0,0.0,0.0,0.0,0.0,0.0,0.0,0.0,0.0558086,0.036641516,0.8704545,0.037095398,0.0,0.0,0.0,0.0,0.0,0.0,0.0,happy
0.010747234,0.9295807,0.041909106,0.017763058,0.9526283,0.04737171,0.7713178,0.22868222,0.940938,0.059062038,0.0014280976,0.024269925,0.9743019,0.0,0.0,0.0,0.0,0.0,0.0,0.0,0.0,0.0,0.0,0.0,0.0,0.0,0.07538758,0.044112332,0.8280597,0.05244046,0.33,0.01,0.14,0.06,0.28,0.01,0.18,happy
0.94680715,0.0063907043,0.020239709,0.026562423,0.9731049,0.026895126,0.57420605,0.42579398,0.78351104,0.21648896,0.7189681,0.25174558,0.029286386,0.0,0.0,0.0,0.0,0.0,0.0,0.0,0.0,0.0,0.0,0.0,0.0,0.0,0.0,0.0,0.0,0.0,0.0,0.0,0.0,0.0,0.0,0.0,0.0,disappointed
0.9762944,0.006403858,0.011243403,0.0060582478,0.8551676,0.14483237,0.3642999,0.6357001,0.29802987,0.70197016,0.9107286,0.08021624,0.009055293,0.0,0.0,0.0,0.0,0.0,0.0,0.0,0.0,0.0,0.0,0.0,0.0,0.0,0.0,0.0,0.0,0.0,0.0,0.0,0.0,0.0,0.0,0.0,0.0,angry
0.94138294,0.006008188,0.016589178,0.036019795,0.87373704,0.12626295,0.57408375,0.42591628,0.8371709,0.16282913,0.70479494,0.25785652,0.0373485,0.0,0.0,0.0,0.0,0.0,0.0,0.0,0.0,0.0,0.0,0.0,0.0,0.0,0.0,0.0,0.0,0.0,0.0,0.0,0.0,0.0,0.0,0.0,0.0,disappointed
0.0143310465,0.005081192,0.015141525,0.9654463,0.95085514,0.04914494,0.68060744,0.3193925,0.83466923,0.16533072,0.057823505,0.46037337,0.48180324,0.0049702055,0.0063703773,0.004463124,0.98419625,0.90637857,0.09362139,0.72582656,0.27417344,0.5783648,0.42163518,0.72834456,0.22596288,0.045692597,0.0,0.0,0.0,0.0,0.0,0.0,0.0,0.0,0.0,0.0,0.0,sad
0.96265405,0.007574731,0.008550036,0.021221144,0.9617033,0.038296662,0.8615135,0.1384865,0.58920383,0.41079614,0.963854,0.031345118,0.00480084,0.0,0.0,0.0,0.0,0.0,0.0,0.0,0.0,0.0,0.0,0.0,0.0,0.0,0.32936943,0.21025667,0.32539392,0.13497996,0.0,0.0,0.0,0.0,0.0,0.0,0.0,disappointed
